ISO-10303-21;
HEADER;
FILE_DESCRIPTION(('FreeCAD Model'),'2;1');
FILE_NAME('Open CASCADE Shape Model','2026-04-03T19:10:51',(''),(''),
  'Open CASCADE STEP processor 7.9','FreeCAD','Unknown');
FILE_SCHEMA(('AUTOMOTIVE_DESIGN { 1 0 10303 214 1 1 1 1 }'));
ENDSEC;
DATA;
#1 = APPLICATION_PROTOCOL_DEFINITION('international standard',
  'automotive_design',2000,#2);
#2 = APPLICATION_CONTEXT(
  'core data for automotive mechanical design processes');
#3 = SHAPE_DEFINITION_REPRESENTATION(#4,#10);
#4 = PRODUCT_DEFINITION_SHAPE('','',#5);
#5 = PRODUCT_DEFINITION('design','',#6,#9);
#6 = PRODUCT_DEFINITION_FORMATION('','',#7);
#7 = PRODUCT('SkirtMount','SkirtMount','',(#8));
#8 = PRODUCT_CONTEXT('',#2,'mechanical');
#9 = PRODUCT_DEFINITION_CONTEXT('part definition',#2,'design');
#10 = ADVANCED_BREP_SHAPE_REPRESENTATION('',(#11,#15),#4039);
#11 = AXIS2_PLACEMENT_3D('',#12,#13,#14);
#12 = CARTESIAN_POINT('',(0.,0.,0.));
#13 = DIRECTION('',(0.,0.,1.));
#14 = DIRECTION('',(1.,0.,-0.));
#15 = MANIFOLD_SOLID_BREP('',#16);
#16 = CLOSED_SHELL('',(#17,#467,#531,#571,#629,#676,#711,#751,#809,#843,
    #874,#898,#923,#947,#971,#995,#1020,#1044,#1068,#1093,#1118,#1142,
    #1166,#1191,#1216,#1240,#1264,#1289,#1313,#1337,#1361,#1386,#1410,
    #1427,#1452,#1477,#1502,#1534,#1558,#1582,#1607,#1632,#1656,#1680,
    #1698,#1723,#1802,#1894,#1934,#1983,#2030,#2136,#2176,#2229,#2303,
    #2355,#2372,#2397,#2498,#2549,#2585,#2651,#2737,#2757,#2777,#2797,
    #2817,#2853,#2911,#2928,#2964,#3017,#3034,#3170,#3210,#3227,#3244,
    #3268,#3280,#3302,#3314,#3331,#3363,#3387,#3412,#3436,#3461,#3485,
    #3510,#3527,#3561,#3578,#3595,#3617,#3629,#3641,#3658,#3675,#3692,
    #3709,#3835,#3852,#3869,#3886,#3908,#3925,#3942,#3959,#3976,#3993,
    #4010,#4022));
#17 = ADVANCED_FACE('',(#18,#80,#282,#293,#304,#315,#385,#396),#462,.T.
  );
#18 = FACE_BOUND('',#19,.T.);
#19 = EDGE_LOOP('',(#20,#30,#37,#45,#52,#60,#67,#75));
#20 = ORIENTED_EDGE('',*,*,#21,.F.);
#21 = EDGE_CURVE('',#22,#24,#26,.T.);
#22 = VERTEX_POINT('',#23);
#23 = CARTESIAN_POINT('',(20.,27.460516074626,7.));
#24 = VERTEX_POINT('',#25);
#25 = CARTESIAN_POINT('',(20.,35.062535713293,7.));
#26 = LINE('',#27,#28);
#27 = CARTESIAN_POINT('',(20.,28.5,7.));
#28 = VECTOR('',#29,1.);
#29 = DIRECTION('',(0.,1.,0.));
#30 = ORIENTED_EDGE('',*,*,#31,.T.);
#31 = EDGE_CURVE('',#22,#32,#34,.T.);
#32 = VERTEX_POINT('',#33);
#33 = CARTESIAN_POINT('',(18.625270363001,26.085786437627,7.));
#34 = B_SPLINE_CURVE_WITH_KNOTS('',1,(#35,#36),.UNSPECIFIED.,.F.,.F.,(2,
    2),(0.,1.114918119515),.PIECEWISE_BEZIER_KNOTS.);
#35 = CARTESIAN_POINT('',(20.,27.460516074626,7.));
#36 = CARTESIAN_POINT('',(18.625270363001,26.085786437627,7.));
#37 = ORIENTED_EDGE('',*,*,#38,.F.);
#38 = EDGE_CURVE('',#39,#32,#41,.T.);
#39 = VERTEX_POINT('',#40);
#40 = CARTESIAN_POINT('',(-18.625270363,26.085786437627,7.));
#41 = LINE('',#42,#43);
#42 = CARTESIAN_POINT('',(-19.,26.085786437627,7.));
#43 = VECTOR('',#44,1.);
#44 = DIRECTION('',(1.,0.,0.));
#45 = ORIENTED_EDGE('',*,*,#46,.T.);
#46 = EDGE_CURVE('',#39,#47,#49,.T.);
#47 = VERTEX_POINT('',#48);
#48 = CARTESIAN_POINT('',(-20.,27.460516074626,7.));
#49 = B_SPLINE_CURVE_WITH_KNOTS('',1,(#50,#51),.UNSPECIFIED.,.F.,.F.,(2,
    2),(0.,1.114918119515),.PIECEWISE_BEZIER_KNOTS.);
#50 = CARTESIAN_POINT('',(-18.625270363,26.085786437627,7.));
#51 = CARTESIAN_POINT('',(-20.,27.460516074626,7.));
#52 = ORIENTED_EDGE('',*,*,#53,.F.);
#53 = EDGE_CURVE('',#54,#47,#56,.T.);
#54 = VERTEX_POINT('',#55);
#55 = CARTESIAN_POINT('',(-20.,35.06253571149,7.));
#56 = LINE('',#57,#58);
#57 = CARTESIAN_POINT('',(-20.,35.5,7.));
#58 = VECTOR('',#59,1.);
#59 = DIRECTION('',(0.,-1.,0.));
#60 = ORIENTED_EDGE('',*,*,#61,.T.);
#61 = EDGE_CURVE('',#54,#62,#64,.T.);
#62 = VERTEX_POINT('',#63);
#63 = CARTESIAN_POINT('',(-18.62526111532,36.437253933194,7.));
#64 = B_SPLINE_CURVE_WITH_KNOTS('',1,(#65,#66),.UNSPECIFIED.,.F.,.F.,(2,
    2),(0.,1.021798854228),.PIECEWISE_BEZIER_KNOTS.);
#65 = CARTESIAN_POINT('',(-20.,35.06253571149,7.));
#66 = CARTESIAN_POINT('',(-18.62526111532,36.437253933194,7.));
#67 = ORIENTED_EDGE('',*,*,#68,.F.);
#68 = EDGE_CURVE('',#69,#62,#71,.T.);
#69 = VERTEX_POINT('',#70);
#70 = CARTESIAN_POINT('',(18.625261115716,36.437253933194,7.));
#71 = LINE('',#72,#73);
#72 = CARTESIAN_POINT('',(19.,36.437253933194,7.));
#73 = VECTOR('',#74,1.);
#74 = DIRECTION('',(-1.,-0.,-0.));
#75 = ORIENTED_EDGE('',*,*,#76,.F.);
#76 = EDGE_CURVE('',#24,#69,#77,.T.);
#77 = B_SPLINE_CURVE_WITH_KNOTS('',1,(#78,#79),.UNSPECIFIED.,.F.,.F.,(2,
    2),(0.,1.021797917046),.PIECEWISE_BEZIER_KNOTS.);
#78 = CARTESIAN_POINT('',(20.,35.062535713293,7.));
#79 = CARTESIAN_POINT('',(18.625261115716,36.437253933194,7.));
#80 = FACE_BOUND('',#81,.T.);
#81 = EDGE_LOOP('',(#82,#92,#100,#108,#116,#124,#133,#141,#150,#158,#167
    ,#175,#184,#192,#200,#208,#216,#224,#233,#241,#250,#258,#267,#275));
#82 = ORIENTED_EDGE('',*,*,#83,.T.);
#83 = EDGE_CURVE('',#84,#86,#88,.T.);
#84 = VERTEX_POINT('',#85);
#85 = CARTESIAN_POINT('',(-64.,-28.,7.));
#86 = VERTEX_POINT('',#87);
#87 = CARTESIAN_POINT('',(-64.,-40.,7.));
#88 = LINE('',#89,#90);
#89 = CARTESIAN_POINT('',(-64.,-28.,7.));
#90 = VECTOR('',#91,1.);
#91 = DIRECTION('',(0.,-1.,0.));
#92 = ORIENTED_EDGE('',*,*,#93,.T.);
#93 = EDGE_CURVE('',#86,#94,#96,.T.);
#94 = VERTEX_POINT('',#95);
#95 = CARTESIAN_POINT('',(-62.5,-41.5,7.));
#96 = LINE('',#97,#98);
#97 = CARTESIAN_POINT('',(-57.5718978281,-46.42810217189,7.));
#98 = VECTOR('',#99,1.);
#99 = DIRECTION('',(0.707106781187,-0.707106781187,0.));
#100 = ORIENTED_EDGE('',*,*,#101,.T.);
#101 = EDGE_CURVE('',#94,#102,#104,.T.);
#102 = VERTEX_POINT('',#103);
#103 = CARTESIAN_POINT('',(62.5,-41.5,7.));
#104 = LINE('',#105,#106);
#105 = CARTESIAN_POINT('',(-64.,-41.5,7.));
#106 = VECTOR('',#107,1.);
#107 = DIRECTION('',(1.,0.,0.));
#108 = ORIENTED_EDGE('',*,*,#109,.T.);
#109 = EDGE_CURVE('',#102,#110,#112,.T.);
#110 = VERTEX_POINT('',#111);
#111 = CARTESIAN_POINT('',(64.,-40.,7.));
#112 = LINE('',#113,#114);
#113 = CARTESIAN_POINT('',(57.678102171893,-46.3218978281,7.));
#114 = VECTOR('',#115,1.);
#115 = DIRECTION('',(0.707106781187,0.707106781187,0.));
#116 = ORIENTED_EDGE('',*,*,#117,.T.);
#117 = EDGE_CURVE('',#110,#118,#120,.T.);
#118 = VERTEX_POINT('',#119);
#119 = CARTESIAN_POINT('',(64.,-28.,7.));
#120 = LINE('',#121,#122);
#121 = CARTESIAN_POINT('',(64.,-41.5,7.));
#122 = VECTOR('',#123,1.);
#123 = DIRECTION('',(0.,1.,0.));
#124 = ORIENTED_EDGE('',*,*,#125,.T.);
#125 = EDGE_CURVE('',#118,#126,#128,.T.);
#126 = VERTEX_POINT('',#127);
#127 = CARTESIAN_POINT('',(62.,-26.,7.));
#128 = CIRCLE('',#129,2.);
#129 = AXIS2_PLACEMENT_3D('',#130,#131,#132);
#130 = CARTESIAN_POINT('',(62.,-28.,7.));
#131 = DIRECTION('',(0.,0.,1.));
#132 = DIRECTION('',(1.,0.,0.));
#133 = ORIENTED_EDGE('',*,*,#134,.F.);
#134 = EDGE_CURVE('',#135,#126,#137,.T.);
#135 = VERTEX_POINT('',#136);
#136 = CARTESIAN_POINT('',(51.5,-26.,7.));
#137 = LINE('',#138,#139);
#138 = CARTESIAN_POINT('',(51.5,-26.,7.));
#139 = VECTOR('',#140,1.);
#140 = DIRECTION('',(1.,-3.4E-16,0.));
#141 = ORIENTED_EDGE('',*,*,#142,.F.);
#142 = EDGE_CURVE('',#143,#135,#145,.T.);
#143 = VERTEX_POINT('',#144);
#144 = CARTESIAN_POINT('',(49.5,-24.,7.));
#145 = CIRCLE('',#146,2.);
#146 = AXIS2_PLACEMENT_3D('',#147,#148,#149);
#147 = CARTESIAN_POINT('',(51.5,-24.,7.));
#148 = DIRECTION('',(0.,0.,1.));
#149 = DIRECTION('',(1.,0.,0.));
#150 = ORIENTED_EDGE('',*,*,#151,.F.);
#151 = EDGE_CURVE('',#152,#143,#154,.T.);
#152 = VERTEX_POINT('',#153);
#153 = CARTESIAN_POINT('',(49.5,24.,7.));
#154 = LINE('',#155,#156);
#155 = CARTESIAN_POINT('',(49.5,24.,7.));
#156 = VECTOR('',#157,1.);
#157 = DIRECTION('',(0.,-1.,0.));
#158 = ORIENTED_EDGE('',*,*,#159,.F.);
#159 = EDGE_CURVE('',#160,#152,#162,.T.);
#160 = VERTEX_POINT('',#161);
#161 = CARTESIAN_POINT('',(51.5,26.,7.));
#162 = CIRCLE('',#163,2.);
#163 = AXIS2_PLACEMENT_3D('',#164,#165,#166);
#164 = CARTESIAN_POINT('',(51.5,24.,7.));
#165 = DIRECTION('',(0.,0.,1.));
#166 = DIRECTION('',(1.,0.,0.));
#167 = ORIENTED_EDGE('',*,*,#168,.T.);
#168 = EDGE_CURVE('',#160,#169,#171,.T.);
#169 = VERTEX_POINT('',#170);
#170 = CARTESIAN_POINT('',(62.,26.,7.));
#171 = LINE('',#172,#173);
#172 = CARTESIAN_POINT('',(51.5,26.,7.));
#173 = VECTOR('',#174,1.);
#174 = DIRECTION('',(1.,0.,0.));
#175 = ORIENTED_EDGE('',*,*,#176,.T.);
#176 = EDGE_CURVE('',#169,#177,#179,.T.);
#177 = VERTEX_POINT('',#178);
#178 = CARTESIAN_POINT('',(64.,28.,7.));
#179 = CIRCLE('',#180,2.);
#180 = AXIS2_PLACEMENT_3D('',#181,#182,#183);
#181 = CARTESIAN_POINT('',(62.,28.,7.));
#182 = DIRECTION('',(0.,0.,1.));
#183 = DIRECTION('',(1.,0.,0.));
#184 = ORIENTED_EDGE('',*,*,#185,.T.);
#185 = EDGE_CURVE('',#177,#186,#188,.T.);
#186 = VERTEX_POINT('',#187);
#187 = CARTESIAN_POINT('',(64.,40.,7.));
#188 = LINE('',#189,#190);
#189 = CARTESIAN_POINT('',(64.,28.,7.));
#190 = VECTOR('',#191,1.);
#191 = DIRECTION('',(0.,1.,0.));
#192 = ORIENTED_EDGE('',*,*,#193,.T.);
#193 = EDGE_CURVE('',#186,#194,#196,.T.);
#194 = VERTEX_POINT('',#195);
#195 = CARTESIAN_POINT('',(62.5,41.5,7.));
#196 = LINE('',#197,#198);
#197 = CARTESIAN_POINT('',(57.678102171893,46.321897828107,7.));
#198 = VECTOR('',#199,1.);
#199 = DIRECTION('',(-0.707106781187,0.707106781187,0.));
#200 = ORIENTED_EDGE('',*,*,#201,.T.);
#201 = EDGE_CURVE('',#194,#202,#204,.T.);
#202 = VERTEX_POINT('',#203);
#203 = CARTESIAN_POINT('',(-62.5,41.5,7.));
#204 = LINE('',#205,#206);
#205 = CARTESIAN_POINT('',(64.,41.5,7.));
#206 = VECTOR('',#207,1.);
#207 = DIRECTION('',(-1.,0.,0.));
#208 = ORIENTED_EDGE('',*,*,#209,.T.);
#209 = EDGE_CURVE('',#202,#210,#212,.T.);
#210 = VERTEX_POINT('',#211);
#211 = CARTESIAN_POINT('',(-64.,40.,7.));
#212 = LINE('',#213,#214);
#213 = CARTESIAN_POINT('',(-57.5718978281,46.428102171893,7.));
#214 = VECTOR('',#215,1.);
#215 = DIRECTION('',(-0.707106781187,-0.707106781187,0.));
#216 = ORIENTED_EDGE('',*,*,#217,.T.);
#217 = EDGE_CURVE('',#210,#218,#220,.T.);
#218 = VERTEX_POINT('',#219);
#219 = CARTESIAN_POINT('',(-64.,28.,7.));
#220 = LINE('',#221,#222);
#221 = CARTESIAN_POINT('',(-64.,41.5,7.));
#222 = VECTOR('',#223,1.);
#223 = DIRECTION('',(0.,-1.,0.));
#224 = ORIENTED_EDGE('',*,*,#225,.T.);
#225 = EDGE_CURVE('',#218,#226,#228,.T.);
#226 = VERTEX_POINT('',#227);
#227 = CARTESIAN_POINT('',(-62.,26.,7.));
#228 = CIRCLE('',#229,2.);
#229 = AXIS2_PLACEMENT_3D('',#230,#231,#232);
#230 = CARTESIAN_POINT('',(-62.,28.,7.));
#231 = DIRECTION('',(0.,0.,1.));
#232 = DIRECTION('',(1.,0.,0.));
#233 = ORIENTED_EDGE('',*,*,#234,.T.);
#234 = EDGE_CURVE('',#226,#235,#237,.T.);
#235 = VERTEX_POINT('',#236);
#236 = CARTESIAN_POINT('',(-49.5,26.,7.));
#237 = LINE('',#238,#239);
#238 = CARTESIAN_POINT('',(-62.,26.,7.));
#239 = VECTOR('',#240,1.);
#240 = DIRECTION('',(1.,0.,0.));
#241 = ORIENTED_EDGE('',*,*,#242,.F.);
#242 = EDGE_CURVE('',#243,#235,#245,.T.);
#243 = VERTEX_POINT('',#244);
#244 = CARTESIAN_POINT('',(-47.5,24.,7.));
#245 = CIRCLE('',#246,2.);
#246 = AXIS2_PLACEMENT_3D('',#247,#248,#249);
#247 = CARTESIAN_POINT('',(-49.5,24.,7.));
#248 = DIRECTION('',(0.,0.,1.));
#249 = DIRECTION('',(1.,0.,0.));
#250 = ORIENTED_EDGE('',*,*,#251,.T.);
#251 = EDGE_CURVE('',#243,#252,#254,.T.);
#252 = VERTEX_POINT('',#253);
#253 = CARTESIAN_POINT('',(-47.5,-24.,7.));
#254 = LINE('',#255,#256);
#255 = CARTESIAN_POINT('',(-47.5,24.,7.));
#256 = VECTOR('',#257,1.);
#257 = DIRECTION('',(0.,-1.,0.));
#258 = ORIENTED_EDGE('',*,*,#259,.F.);
#259 = EDGE_CURVE('',#260,#252,#262,.T.);
#260 = VERTEX_POINT('',#261);
#261 = CARTESIAN_POINT('',(-49.5,-26.,7.));
#262 = CIRCLE('',#263,2.);
#263 = AXIS2_PLACEMENT_3D('',#264,#265,#266);
#264 = CARTESIAN_POINT('',(-49.5,-24.,7.));
#265 = DIRECTION('',(0.,0.,1.));
#266 = DIRECTION('',(1.,0.,0.));
#267 = ORIENTED_EDGE('',*,*,#268,.F.);
#268 = EDGE_CURVE('',#269,#260,#271,.T.);
#269 = VERTEX_POINT('',#270);
#270 = CARTESIAN_POINT('',(-62.,-26.,7.));
#271 = LINE('',#272,#273);
#272 = CARTESIAN_POINT('',(-62.,-26.,7.));
#273 = VECTOR('',#274,1.);
#274 = DIRECTION('',(1.,0.,0.));
#275 = ORIENTED_EDGE('',*,*,#276,.T.);
#276 = EDGE_CURVE('',#269,#84,#277,.T.);
#277 = CIRCLE('',#278,2.);
#278 = AXIS2_PLACEMENT_3D('',#279,#280,#281);
#279 = CARTESIAN_POINT('',(-62.,-28.,7.));
#280 = DIRECTION('',(0.,0.,1.));
#281 = DIRECTION('',(1.,0.,0.));
#282 = FACE_BOUND('',#283,.T.);
#283 = EDGE_LOOP('',(#284));
#284 = ORIENTED_EDGE('',*,*,#285,.F.);
#285 = EDGE_CURVE('',#286,#286,#288,.T.);
#286 = VERTEX_POINT('',#287);
#287 = CARTESIAN_POINT('',(-54.,-33.75,7.));
#288 = CIRCLE('',#289,2.25);
#289 = AXIS2_PLACEMENT_3D('',#290,#291,#292);
#290 = CARTESIAN_POINT('',(-56.25,-33.75,7.));
#291 = DIRECTION('',(0.,0.,1.));
#292 = DIRECTION('',(1.,0.,0.));
#293 = FACE_BOUND('',#294,.T.);
#294 = EDGE_LOOP('',(#295));
#295 = ORIENTED_EDGE('',*,*,#296,.F.);
#296 = EDGE_CURVE('',#297,#297,#299,.T.);
#297 = VERTEX_POINT('',#298);
#298 = CARTESIAN_POINT('',(58.5,-33.75,7.));
#299 = CIRCLE('',#300,2.25);
#300 = AXIS2_PLACEMENT_3D('',#301,#302,#303);
#301 = CARTESIAN_POINT('',(56.25,-33.75,7.));
#302 = DIRECTION('',(0.,0.,1.));
#303 = DIRECTION('',(1.,0.,0.));
#304 = FACE_BOUND('',#305,.T.);
#305 = EDGE_LOOP('',(#306));
#306 = ORIENTED_EDGE('',*,*,#307,.F.);
#307 = EDGE_CURVE('',#308,#308,#310,.T.);
#308 = VERTEX_POINT('',#309);
#309 = CARTESIAN_POINT('',(-54.,33.75,7.));
#310 = CIRCLE('',#311,2.25);
#311 = AXIS2_PLACEMENT_3D('',#312,#313,#314);
#312 = CARTESIAN_POINT('',(-56.25,33.75,7.));
#313 = DIRECTION('',(0.,0.,1.));
#314 = DIRECTION('',(1.,0.,0.));
#315 = FACE_BOUND('',#316,.T.);
#316 = EDGE_LOOP('',(#317,#328,#336,#345,#353,#362,#370,#379));
#317 = ORIENTED_EDGE('',*,*,#318,.F.);
#318 = EDGE_CURVE('',#319,#321,#323,.T.);
#319 = VERTEX_POINT('',#320);
#320 = CARTESIAN_POINT('',(-35.5,26.,7.));
#321 = VERTEX_POINT('',#322);
#322 = CARTESIAN_POINT('',(-37.5,24.,7.));
#323 = CIRCLE('',#324,2.);
#324 = AXIS2_PLACEMENT_3D('',#325,#326,#327);
#325 = CARTESIAN_POINT('',(-35.5,24.,7.));
#326 = DIRECTION('',(0.,0.,1.));
#327 = DIRECTION('',(1.,0.,0.));
#328 = ORIENTED_EDGE('',*,*,#329,.T.);
#329 = EDGE_CURVE('',#319,#330,#332,.T.);
#330 = VERTEX_POINT('',#331);
#331 = CARTESIAN_POINT('',(37.5,26.,7.));
#332 = LINE('',#333,#334);
#333 = CARTESIAN_POINT('',(-35.5,26.,7.));
#334 = VECTOR('',#335,1.);
#335 = DIRECTION('',(1.,-1.E-16,0.));
#336 = ORIENTED_EDGE('',*,*,#337,.F.);
#337 = EDGE_CURVE('',#338,#330,#340,.T.);
#338 = VERTEX_POINT('',#339);
#339 = CARTESIAN_POINT('',(39.5,24.,7.));
#340 = CIRCLE('',#341,2.);
#341 = AXIS2_PLACEMENT_3D('',#342,#343,#344);
#342 = CARTESIAN_POINT('',(37.5,24.,7.));
#343 = DIRECTION('',(0.,0.,1.));
#344 = DIRECTION('',(1.,0.,0.));
#345 = ORIENTED_EDGE('',*,*,#346,.T.);
#346 = EDGE_CURVE('',#338,#347,#349,.T.);
#347 = VERTEX_POINT('',#348);
#348 = CARTESIAN_POINT('',(39.5,-24.,7.));
#349 = LINE('',#350,#351);
#350 = CARTESIAN_POINT('',(39.5,24.,7.));
#351 = VECTOR('',#352,1.);
#352 = DIRECTION('',(0.,-1.,0.));
#353 = ORIENTED_EDGE('',*,*,#354,.F.);
#354 = EDGE_CURVE('',#355,#347,#357,.T.);
#355 = VERTEX_POINT('',#356);
#356 = CARTESIAN_POINT('',(37.5,-26.,7.));
#357 = CIRCLE('',#358,2.);
#358 = AXIS2_PLACEMENT_3D('',#359,#360,#361);
#359 = CARTESIAN_POINT('',(37.5,-24.,7.));
#360 = DIRECTION('',(0.,0.,1.));
#361 = DIRECTION('',(1.,0.,0.));
#362 = ORIENTED_EDGE('',*,*,#363,.F.);
#363 = EDGE_CURVE('',#364,#355,#366,.T.);
#364 = VERTEX_POINT('',#365);
#365 = CARTESIAN_POINT('',(-35.5,-26.,7.));
#366 = LINE('',#367,#368);
#367 = CARTESIAN_POINT('',(-35.5,-26.,7.));
#368 = VECTOR('',#369,1.);
#369 = DIRECTION('',(1.,-1.5E-16,0.));
#370 = ORIENTED_EDGE('',*,*,#371,.F.);
#371 = EDGE_CURVE('',#372,#364,#374,.T.);
#372 = VERTEX_POINT('',#373);
#373 = CARTESIAN_POINT('',(-37.5,-24.,7.));
#374 = CIRCLE('',#375,2.);
#375 = AXIS2_PLACEMENT_3D('',#376,#377,#378);
#376 = CARTESIAN_POINT('',(-35.5,-24.,7.));
#377 = DIRECTION('',(0.,0.,1.));
#378 = DIRECTION('',(1.,0.,0.));
#379 = ORIENTED_EDGE('',*,*,#380,.F.);
#380 = EDGE_CURVE('',#321,#372,#381,.T.);
#381 = LINE('',#382,#383);
#382 = CARTESIAN_POINT('',(-37.5,24.,7.));
#383 = VECTOR('',#384,1.);
#384 = DIRECTION('',(0.,-1.,0.));
#385 = FACE_BOUND('',#386,.T.);
#386 = EDGE_LOOP('',(#387));
#387 = ORIENTED_EDGE('',*,*,#388,.F.);
#388 = EDGE_CURVE('',#389,#389,#391,.T.);
#389 = VERTEX_POINT('',#390);
#390 = CARTESIAN_POINT('',(58.5,33.75,7.));
#391 = CIRCLE('',#392,2.25);
#392 = AXIS2_PLACEMENT_3D('',#393,#394,#395);
#393 = CARTESIAN_POINT('',(56.25,33.75,7.));
#394 = DIRECTION('',(0.,0.,1.));
#395 = DIRECTION('',(1.,0.,0.));
#396 = FACE_BOUND('',#397,.T.);
#397 = EDGE_LOOP('',(#398,#408,#415,#423,#430,#438,#447,#455));
#398 = ORIENTED_EDGE('',*,*,#399,.T.);
#399 = EDGE_CURVE('',#400,#402,#404,.T.);
#400 = VERTEX_POINT('',#401);
#401 = CARTESIAN_POINT('',(-20.,-38.04068074844,7.));
#402 = VERTEX_POINT('',#403);
#403 = CARTESIAN_POINT('',(-20.,-32.96051607462,7.));
#404 = LINE('',#405,#406);
#405 = CARTESIAN_POINT('',(-20.,-38.70820393249,7.));
#406 = VECTOR('',#407,1.);
#407 = DIRECTION('',(0.,1.,0.));
#408 = ORIENTED_EDGE('',*,*,#409,.T.);
#409 = EDGE_CURVE('',#402,#410,#412,.T.);
#410 = VERTEX_POINT('',#411);
#411 = CARTESIAN_POINT('',(-18.625270363,-31.58578643762,7.));
#412 = B_SPLINE_CURVE_WITH_KNOTS('',1,(#413,#414),.UNSPECIFIED.,.F.,.F.,
  (2,2),(0.,1.114918119515),.PIECEWISE_BEZIER_KNOTS.);
#413 = CARTESIAN_POINT('',(-20.,-32.96051607462,7.));
#414 = CARTESIAN_POINT('',(-18.625270363,-31.58578643762,7.));
#415 = ORIENTED_EDGE('',*,*,#416,.F.);
#416 = EDGE_CURVE('',#417,#410,#419,.T.);
#417 = VERTEX_POINT('',#418);
#418 = CARTESIAN_POINT('',(18.625270363001,-31.58578643762,7.));
#419 = LINE('',#420,#421);
#420 = CARTESIAN_POINT('',(19.,-31.58578643762,7.));
#421 = VECTOR('',#422,1.);
#422 = DIRECTION('',(-1.,0.,0.));
#423 = ORIENTED_EDGE('',*,*,#424,.F.);
#424 = EDGE_CURVE('',#425,#417,#427,.T.);
#425 = VERTEX_POINT('',#426);
#426 = CARTESIAN_POINT('',(20.,-32.96051607462,7.));
#427 = B_SPLINE_CURVE_WITH_KNOTS('',1,(#428,#429),.UNSPECIFIED.,.F.,.F.,
  (2,2),(0.,1.114918119515),.PIECEWISE_BEZIER_KNOTS.);
#428 = CARTESIAN_POINT('',(20.,-32.96051607462,7.));
#429 = CARTESIAN_POINT('',(18.625270363001,-31.58578643762,7.));
#430 = ORIENTED_EDGE('',*,*,#431,.T.);
#431 = EDGE_CURVE('',#425,#432,#434,.T.);
#432 = VERTEX_POINT('',#433);
#433 = CARTESIAN_POINT('',(20.,-38.04068068462,7.));
#434 = LINE('',#435,#436);
#435 = CARTESIAN_POINT('',(20.,-34.,7.));
#436 = VECTOR('',#437,1.);
#437 = DIRECTION('',(0.,-1.,0.));
#438 = ORIENTED_EDGE('',*,*,#439,.F.);
#439 = EDGE_CURVE('',#440,#432,#442,.T.);
#440 = VERTEX_POINT('',#441);
#441 = CARTESIAN_POINT('',(18.625188969277,-39.41619848709,7.));
#442 = B_SPLINE_CURVE_WITH_KNOTS('',3,(#443,#444,#445,#446),
  .UNSPECIFIED.,.F.,.F.,(4,4),(0.,1.),.PIECEWISE_BEZIER_KNOTS.);
#443 = CARTESIAN_POINT('',(18.625188969277,-39.41619848709,7.));
#444 = CARTESIAN_POINT('',(19.028210560094,-39.92361413438,7.));
#445 = CARTESIAN_POINT('',(20.50675542607,-38.44312202216,7.));
#446 = CARTESIAN_POINT('',(19.998879402697,-38.04068114109,7.));
#447 = ORIENTED_EDGE('',*,*,#448,.F.);
#448 = EDGE_CURVE('',#449,#440,#451,.T.);
#449 = VERTEX_POINT('',#450);
#450 = CARTESIAN_POINT('',(-18.62518898108,-39.41619848709,7.));
#451 = LINE('',#452,#453);
#452 = CARTESIAN_POINT('',(-19.,-39.41619848709,7.));
#453 = VECTOR('',#454,1.);
#454 = DIRECTION('',(1.,0.,0.));
#455 = ORIENTED_EDGE('',*,*,#456,.T.);
#456 = EDGE_CURVE('',#449,#400,#457,.T.);
#457 = B_SPLINE_CURVE_WITH_KNOTS('',3,(#458,#459,#460,#461),
  .UNSPECIFIED.,.F.,.F.,(4,4),(0.,1.),.PIECEWISE_BEZIER_KNOTS.);
#458 = CARTESIAN_POINT('',(-18.62518898108,-39.41619848709,7.));
#459 = CARTESIAN_POINT('',(-19.02821054358,-39.92361415889,7.));
#460 = CARTESIAN_POINT('',(-20.50675549909,-38.44312210028,7.));
#461 = CARTESIAN_POINT('',(-19.99887948504,-38.04068120484,7.));
#462 = PLANE('',#463);
#463 = AXIS2_PLACEMENT_3D('',#464,#465,#466);
#464 = CARTESIAN_POINT('',(0.212408687573,2.7E-15,7.));
#465 = DIRECTION('',(0.,0.,1.));
#466 = DIRECTION('',(1.,0.,0.));
#467 = ADVANCED_FACE('',(#468),#526,.F.);
#468 = FACE_BOUND('',#469,.F.);
#469 = EDGE_LOOP('',(#470,#471,#484,#492,#509));
#470 = ORIENTED_EDGE('',*,*,#21,.F.);
#471 = ORIENTED_EDGE('',*,*,#472,.T.);
#472 = EDGE_CURVE('',#22,#473,#475,.T.);
#473 = VERTEX_POINT('',#474);
#474 = CARTESIAN_POINT('',(19.,28.085786437627,8.));
#475 = B_SPLINE_CURVE_WITH_KNOTS('',7,(#476,#477,#478,#479,#480,#481,
    #482,#483),.UNSPECIFIED.,.F.,.F.,(8,8),(0.795180775004,
    1.910098894519),.PIECEWISE_BEZIER_KNOTS.);
#476 = CARTESIAN_POINT('',(20.,27.460516074626,7.));
#477 = CARTESIAN_POINT('',(19.826125077839,27.5985206918,7.));
#478 = CARTESIAN_POINT('',(19.637536983001,27.731814669105,
    7.035126257646));
#479 = CARTESIAN_POINT('',(19.442253006497,27.855321267726,
    7.117065149449));
#480 = CARTESIAN_POINT('',(19.242270329638,27.965399381713,
    7.253669752682));
#481 = CARTESIAN_POINT('',(19.079569761818,28.045834296466,
    7.476188576396));
#482 = CARTESIAN_POINT('',(19.,28.085786437627,7.738038803783));
#483 = CARTESIAN_POINT('',(19.,28.085786437627,8.));
#484 = ORIENTED_EDGE('',*,*,#485,.T.);
#485 = EDGE_CURVE('',#473,#486,#488,.T.);
#486 = VERTEX_POINT('',#487);
#487 = CARTESIAN_POINT('',(19.,34.4160797831,8.));
#488 = LINE('',#489,#490);
#489 = CARTESIAN_POINT('',(19.,28.5,8.));
#490 = VECTOR('',#491,1.);
#491 = DIRECTION('',(0.,1.,0.));
#492 = ORIENTED_EDGE('',*,*,#493,.F.);
#493 = EDGE_CURVE('',#494,#486,#496,.T.);
#494 = VERTEX_POINT('',#495);
#495 = CARTESIAN_POINT('',(19.019320335125,34.445987033574,
    7.804379461964));
#496 = B_SPLINE_CURVE_WITH_KNOTS('',6,(#497,#498,#499,#500,#501,#502,
    #503,#504,#505,#506,#507,#508),.UNSPECIFIED.,.F.,.F.,(7,5,7),(
    1.804517115503,1.879984401277,2.079611586182),.UNSPECIFIED.);
#497 = CARTESIAN_POINT('',(19.019320335125,34.445987033573,
    7.804379461964));
#498 = CARTESIAN_POINT('',(19.017617798417,34.444815970899,
    7.812914573591));
#499 = CARTESIAN_POINT('',(19.015963748545,34.443597376851,
    7.821672459752));
#500 = CARTESIAN_POINT('',(19.014396453105,34.442354364437,7.83049777199
    ));
#501 = CARTESIAN_POINT('',(19.012924390937,34.441093618588,
    7.839344201249));
#502 = CARTESIAN_POINT('',(19.01154261433,34.439812376664,7.848230301703
    ));
#503 = CARTESIAN_POINT('',(19.006827517624,34.435048198543,
    7.880909699733));
#504 = CARTESIAN_POINT('',(19.004061642122,34.431448167669,
    7.904922907788));
#505 = CARTESIAN_POINT('',(19.002045781444,34.427795517696,
    7.928594824626));
#506 = CARTESIAN_POINT('',(19.000674185116,34.423995876573,
    7.952471655766));
#507 = CARTESIAN_POINT('',(19.,34.420096534842,7.976236576217));
#508 = CARTESIAN_POINT('',(19.,34.4160797831,8.));
#509 = ORIENTED_EDGE('',*,*,#510,.F.);
#510 = EDGE_CURVE('',#24,#494,#511,.T.);
#511 = B_SPLINE_CURVE_WITH_KNOTS('',7,(#512,#513,#514,#515,#516,#517,
    #518,#519,#520,#521,#522,#523,#524,#525),.UNSPECIFIED.,.F.,.F.,(8,6,
    8),(0.782719198457,1.730154484764,1.804517115503),.UNSPECIFIED.);
#512 = CARTESIAN_POINT('',(20.,35.062535713293,7.));
#513 = CARTESIAN_POINT('',(19.84974973341,34.943300750539,7.00001003724)
  );
#514 = CARTESIAN_POINT('',(19.688729572005,34.827632354954,
    7.026163003013));
#515 = CARTESIAN_POINT('',(19.520744870298,34.718509754998,
    7.086500294395));
#516 = CARTESIAN_POINT('',(19.350720439595,34.619007146644,
    7.184939232201));
#517 = CARTESIAN_POINT('',(19.193966793471,34.536595167172,
    7.341652191943));
#518 = CARTESIAN_POINT('',(19.087391792035,34.482305837417,
    7.538961455834));
#519 = CARTESIAN_POINT('',(19.028790360152,34.451672524807,
    7.761187140414));
#520 = CARTESIAN_POINT('',(19.026858542194,34.450645184014,
    7.769707885632));
#521 = CARTESIAN_POINT('',(19.025252254016,34.44973875124,7.776521326985
    ));
#522 = CARTESIAN_POINT('',(19.023697831883,34.448830944892,
    7.783257200103));
#523 = CARTESIAN_POINT('',(19.022244521376,34.447943599994,
    7.790101964797));
#524 = CARTESIAN_POINT('',(19.020758291498,34.446976108891,
    7.797170737422));
#525 = CARTESIAN_POINT('',(19.019320335125,34.445987033574,
    7.804379461964));
#526 = CYLINDRICAL_SURFACE('',#527,1.);
#527 = AXIS2_PLACEMENT_3D('',#528,#529,#530);
#528 = CARTESIAN_POINT('',(20.,28.5,8.));
#529 = DIRECTION('',(0.,1.,0.));
#530 = DIRECTION('',(0.,0.,-1.));
#531 = ADVANCED_FACE('',(#532),#554,.F.);
#532 = FACE_BOUND('',#533,.F.);
#533 = EDGE_LOOP('',(#534,#535,#548,#553));
#534 = ORIENTED_EDGE('',*,*,#31,.T.);
#535 = ORIENTED_EDGE('',*,*,#536,.T.);
#536 = EDGE_CURVE('',#32,#537,#539,.T.);
#537 = VERTEX_POINT('',#538);
#538 = CARTESIAN_POINT('',(18.,27.085786437627,8.));
#539 = B_SPLINE_CURVE_WITH_KNOTS('',7,(#540,#541,#542,#543,#544,#545,
    #546,#547),.UNSPECIFIED.,.F.,.F.,(8,8),(0.795180775004,
    1.910098894519),.PIECEWISE_BEZIER_KNOTS.);
#540 = CARTESIAN_POINT('',(18.625270363001,26.085786437627,7.));
#541 = CARTESIAN_POINT('',(18.487265745827,26.259661359788,7.));
#542 = CARTESIAN_POINT('',(18.353971768522,26.448249454626,
    7.035126257646));
#543 = CARTESIAN_POINT('',(18.230465169902,26.643533431131,
    7.117065149449));
#544 = CARTESIAN_POINT('',(18.120387055914,26.843516107988,
    7.253669752682));
#545 = CARTESIAN_POINT('',(18.039952141161,27.00621667581,7.476188576396
    ));
#546 = CARTESIAN_POINT('',(18.,27.085786437627,7.738038803783));
#547 = CARTESIAN_POINT('',(18.,27.085786437627,8.));
#548 = ORIENTED_EDGE('',*,*,#549,.F.);
#549 = EDGE_CURVE('',#473,#537,#550,.T.);
#550 = B_SPLINE_CURVE_WITH_KNOTS('',1,(#551,#552),.UNSPECIFIED.,.F.,.F.,
  (2,2),(0.,1.114918119515),.PIECEWISE_BEZIER_KNOTS.);
#551 = CARTESIAN_POINT('',(19.,28.085786437627,8.));
#552 = CARTESIAN_POINT('',(18.,27.085786437627,8.));
#553 = ORIENTED_EDGE('',*,*,#472,.F.);
#554 = B_SPLINE_SURFACE_WITH_KNOTS('',1,7,(
    (#555,#556,#557,#558,#559,#560,#561,#562)
    ,(#563,#564,#565,#566,#567,#568,#569,#570
  )),.UNSPECIFIED.,.F.,.F.,.F.,(2,2),(8,8),(0.,1.114918119515),(
    0.795180775004,1.910098894519),.PIECEWISE_BEZIER_KNOTS.);
#555 = CARTESIAN_POINT('',(20.,27.460516074626,7.));
#556 = CARTESIAN_POINT('',(19.826125077839,27.5985206918,7.));
#557 = CARTESIAN_POINT('',(19.637536983001,27.731814669105,
    7.035126257646));
#558 = CARTESIAN_POINT('',(19.442253006497,27.855321267726,
    7.117065149449));
#559 = CARTESIAN_POINT('',(19.242270329638,27.965399381713,
    7.253669752682));
#560 = CARTESIAN_POINT('',(19.079569761818,28.045834296466,
    7.476188576396));
#561 = CARTESIAN_POINT('',(19.,28.085786437627,7.738038803783));
#562 = CARTESIAN_POINT('',(19.,28.085786437627,8.));
#563 = CARTESIAN_POINT('',(18.625270363001,26.085786437627,7.));
#564 = CARTESIAN_POINT('',(18.487265745827,26.259661359788,7.));
#565 = CARTESIAN_POINT('',(18.353971768522,26.448249454626,
    7.035126257646));
#566 = CARTESIAN_POINT('',(18.230465169902,26.643533431131,
    7.117065149449));
#567 = CARTESIAN_POINT('',(18.120387055914,26.843516107988,
    7.253669752682));
#568 = CARTESIAN_POINT('',(18.039952141161,27.00621667581,7.476188576396
    ));
#569 = CARTESIAN_POINT('',(18.,27.085786437627,7.738038803783));
#570 = CARTESIAN_POINT('',(18.,27.085786437627,8.));
#571 = ADVANCED_FACE('',(#572),#600,.T.);
#572 = FACE_BOUND('',#573,.T.);
#573 = EDGE_LOOP('',(#574,#575,#594,#599));
#574 = ORIENTED_EDGE('',*,*,#76,.T.);
#575 = ORIENTED_EDGE('',*,*,#576,.T.);
#576 = EDGE_CURVE('',#69,#577,#579,.T.);
#577 = VERTEX_POINT('',#578);
#578 = CARTESIAN_POINT('',(18.003944187116,35.445097191545,7.875));
#579 = B_SPLINE_CURVE_WITH_KNOTS('',7,(#580,#581,#582,#583,#584,#585,
    #586,#587,#588,#589,#590,#591,#592,#593),.UNSPECIFIED.,.F.,.F.,(8,6,
    8),(0.782719198457,1.730154484764,1.804517115503),.UNSPECIFIED.);
#580 = CARTESIAN_POINT('',(18.625261115716,36.437253933194,7.));
#581 = CARTESIAN_POINT('',(18.506212773332,36.287281090062,
    6.999989986163));
#582 = CARTESIAN_POINT('',(18.390687237038,36.126567958486,
    7.026079621468));
#583 = CARTESIAN_POINT('',(18.281771374326,35.958978794697,
    7.086133683659));
#584 = CARTESIAN_POINT('',(18.182525480846,35.789982372694,
    7.184235102237));
#585 = CARTESIAN_POINT('',(18.099887428672,35.633705722832,7.33885899695
    ));
#586 = CARTESIAN_POINT('',(18.043472441993,35.523412959193,
    7.536457494244));
#587 = CARTESIAN_POINT('',(18.013381289243,35.463882815442,
    7.770094483847));
#588 = CARTESIAN_POINT('',(18.011343519665,35.459843548808,
    7.787403638046));
#589 = CARTESIAN_POINT('',(18.009496620004,35.456171915572,
    7.804784387355));
#590 = CARTESIAN_POINT('',(18.00783729866,35.452866755729,7.822211533146
    ));
#591 = CARTESIAN_POINT('',(18.006358107751,35.449917716809,
    7.839708597873));
#592 = CARTESIAN_POINT('',(18.005060656842,35.447328546512,
    7.857289169008));
#593 = CARTESIAN_POINT('',(18.003944187116,35.445097191545,7.875));
#594 = ORIENTED_EDGE('',*,*,#595,.F.);
#595 = EDGE_CURVE('',#494,#577,#596,.T.);
#596 = B_SPLINE_CURVE_WITH_KNOTS('',1,(#597,#598),.UNSPECIFIED.,.F.,.F.,
  (2,2),(0.,1.021797917046),.PIECEWISE_BEZIER_KNOTS.);
#597 = CARTESIAN_POINT('',(19.019320335125,34.445987033574,
    7.804379461964));
#598 = CARTESIAN_POINT('',(18.003944187116,35.445097191545,7.875));
#599 = ORIENTED_EDGE('',*,*,#510,.F.);
#600 = B_SPLINE_SURFACE_WITH_KNOTS('',1,7,(
    (#601,#602,#603,#604,#605,#606,#607,#608,#609,#610,#611,#612,#613
      ,#614)
    ,(#615,#616,#617,#618,#619,#620,#621,#622,#623,#624,#625,#626,#627
      ,#628
    )),.UNSPECIFIED.,.F.,.F.,.F.,(2,2),(8,6,8),(0.,1.021797917046),(
    0.782719198457,1.730154484764,1.804517115503),.UNSPECIFIED.);
#601 = CARTESIAN_POINT('',(20.,35.062535713293,7.));
#602 = CARTESIAN_POINT('',(19.84974973341,34.943300750539,7.00001003724)
  );
#603 = CARTESIAN_POINT('',(19.688729572005,34.827632354954,
    7.026163003013));
#604 = CARTESIAN_POINT('',(19.520744870298,34.718509754998,
    7.086500294395));
#605 = CARTESIAN_POINT('',(19.350720439595,34.619007146644,
    7.184939232201));
#606 = CARTESIAN_POINT('',(19.193966793471,34.536595167172,
    7.341652191943));
#607 = CARTESIAN_POINT('',(19.087391792035,34.482305837417,
    7.538961455834));
#608 = CARTESIAN_POINT('',(19.028790360152,34.451672524807,
    7.761187140414));
#609 = CARTESIAN_POINT('',(19.026858542194,34.450645184014,
    7.769707885632));
#610 = CARTESIAN_POINT('',(19.025252254016,34.44973875124,7.776521326985
    ));
#611 = CARTESIAN_POINT('',(19.023697831883,34.448830944892,
    7.783257200103));
#612 = CARTESIAN_POINT('',(19.022244521376,34.447943599994,
    7.790101964797));
#613 = CARTESIAN_POINT('',(19.020758291498,34.446976108891,
    7.797170737422));
#614 = CARTESIAN_POINT('',(19.019320335125,34.445987033574,
    7.804379461964));
#615 = CARTESIAN_POINT('',(18.625261115716,36.437253933194,7.));
#616 = CARTESIAN_POINT('',(18.506212773332,36.287281090062,
    6.999989986163));
#617 = CARTESIAN_POINT('',(18.390687237038,36.126567958486,
    7.026079621468));
#618 = CARTESIAN_POINT('',(18.281771374326,35.958978794697,
    7.086133683659));
#619 = CARTESIAN_POINT('',(18.182525480846,35.789982372694,
    7.184235102237));
#620 = CARTESIAN_POINT('',(18.099887428672,35.633705722832,7.33885899695
    ));
#621 = CARTESIAN_POINT('',(18.043472441993,35.523412959193,
    7.536457494244));
#622 = CARTESIAN_POINT('',(18.013381289243,35.463882815442,
    7.770094483847));
#623 = CARTESIAN_POINT('',(18.011343519665,35.459843548808,
    7.787403638046));
#624 = CARTESIAN_POINT('',(18.009496620004,35.456171915572,
    7.804784387355));
#625 = CARTESIAN_POINT('',(18.00783729866,35.452866755729,7.822211533146
    ));
#626 = CARTESIAN_POINT('',(18.006358107751,35.449917716809,
    7.839708597873));
#627 = CARTESIAN_POINT('',(18.005060656842,35.447328546512,
    7.857289169008));
#628 = CARTESIAN_POINT('',(18.003944187116,35.445097191545,7.875));
#629 = ADVANCED_FACE('',(#630),#671,.F.);
#630 = FACE_BOUND('',#631,.F.);
#631 = EDGE_LOOP('',(#632,#633,#646,#655,#663,#670));
#632 = ORIENTED_EDGE('',*,*,#38,.F.);
#633 = ORIENTED_EDGE('',*,*,#634,.T.);
#634 = EDGE_CURVE('',#39,#635,#637,.T.);
#635 = VERTEX_POINT('',#636);
#636 = CARTESIAN_POINT('',(-18.,27.085786437627,8.));
#637 = B_SPLINE_CURVE_WITH_KNOTS('',7,(#638,#639,#640,#641,#642,#643,
    #644,#645),.UNSPECIFIED.,.F.,.F.,(8,8),(0.795180775004,
    1.910098894519),.PIECEWISE_BEZIER_KNOTS.);
#638 = CARTESIAN_POINT('',(-18.625270363,26.085786437627,7.));
#639 = CARTESIAN_POINT('',(-18.48726574582,26.259661359788,7.));
#640 = CARTESIAN_POINT('',(-18.35397176852,26.448249454626,
    7.035126257646));
#641 = CARTESIAN_POINT('',(-18.2304651699,26.64353343113,7.117065149449)
  );
#642 = CARTESIAN_POINT('',(-18.12038705591,26.843516107988,
    7.253669752683));
#643 = CARTESIAN_POINT('',(-18.03995214116,27.00621667581,7.476188576396
    ));
#644 = CARTESIAN_POINT('',(-18.,27.085786437627,7.738038803783));
#645 = CARTESIAN_POINT('',(-18.,27.085786437627,8.));
#646 = ORIENTED_EDGE('',*,*,#647,.T.);
#647 = EDGE_CURVE('',#635,#648,#650,.T.);
#648 = VERTEX_POINT('',#649);
#649 = CARTESIAN_POINT('',(-18.,26.792893218813,8.707106781187));
#650 = CIRCLE('',#651,1.);
#651 = AXIS2_PLACEMENT_3D('',#652,#653,#654);
#652 = CARTESIAN_POINT('',(-18.,26.085786437627,8.));
#653 = DIRECTION('',(1.,0.,0.));
#654 = DIRECTION('',(-0.,1.,0.));
#655 = ORIENTED_EDGE('',*,*,#656,.T.);
#656 = EDGE_CURVE('',#648,#657,#659,.T.);
#657 = VERTEX_POINT('',#658);
#658 = CARTESIAN_POINT('',(18.,26.792893218813,8.707106781187));
#659 = LINE('',#660,#661);
#660 = CARTESIAN_POINT('',(-19.,26.792893218813,8.707106781187));
#661 = VECTOR('',#662,1.);
#662 = DIRECTION('',(1.,0.,0.));
#663 = ORIENTED_EDGE('',*,*,#664,.F.);
#664 = EDGE_CURVE('',#537,#657,#665,.T.);
#665 = CIRCLE('',#666,1.);
#666 = AXIS2_PLACEMENT_3D('',#667,#668,#669);
#667 = CARTESIAN_POINT('',(18.,26.085786437627,8.));
#668 = DIRECTION('',(1.,0.,0.));
#669 = DIRECTION('',(-0.,1.,0.));
#670 = ORIENTED_EDGE('',*,*,#536,.F.);
#671 = CYLINDRICAL_SURFACE('',#672,1.);
#672 = AXIS2_PLACEMENT_3D('',#673,#674,#675);
#673 = CARTESIAN_POINT('',(-19.,26.085786437627,8.));
#674 = DIRECTION('',(1.,0.,0.));
#675 = DIRECTION('',(0.,0.,-1.));
#676 = ADVANCED_FACE('',(#677),#706,.F.);
#677 = FACE_BOUND('',#678,.F.);
#678 = EDGE_LOOP('',(#679,#680,#681,#689));
#679 = ORIENTED_EDGE('',*,*,#68,.F.);
#680 = ORIENTED_EDGE('',*,*,#576,.T.);
#681 = ORIENTED_EDGE('',*,*,#682,.T.);
#682 = EDGE_CURVE('',#577,#683,#685,.T.);
#683 = VERTEX_POINT('',#684);
#684 = CARTESIAN_POINT('',(-18.00394418789,35.445097191545,7.875));
#685 = LINE('',#686,#687);
#686 = CARTESIAN_POINT('',(19.,35.445097191545,7.875));
#687 = VECTOR('',#688,1.);
#688 = DIRECTION('',(-1.,-0.,-0.));
#689 = ORIENTED_EDGE('',*,*,#690,.F.);
#690 = EDGE_CURVE('',#62,#683,#691,.T.);
#691 = B_SPLINE_CURVE_WITH_KNOTS('',7,(#692,#693,#694,#695,#696,#697,
    #698,#699,#700,#701,#702,#703,#704,#705),.UNSPECIFIED.,.F.,.F.,(8,6,
    8),(0.782721210764,1.730158913456,1.804520064992),.UNSPECIFIED.);
#692 = CARTESIAN_POINT('',(-18.62526111532,36.437253933194,7.));
#693 = CARTESIAN_POINT('',(-18.50621277637,36.287281095025,
    6.999989986847));
#694 = CARTESIAN_POINT('',(-18.39068726943,36.126568017621,
    7.026079615854));
#695 = CARTESIAN_POINT('',(-18.28177136087,35.958978751311,
    7.086133666003));
#696 = CARTESIAN_POINT('',(-18.1825257047,35.789982794353,7.184235093188
    ));
#697 = CARTESIAN_POINT('',(-18.0998873972,35.633705811729,7.33885849943)
  );
#698 = CARTESIAN_POINT('',(-18.04347250542,35.523413010891,
    7.536457578601));
#699 = CARTESIAN_POINT('',(-18.01338137611,35.463882993097,
    7.770093764065));
#700 = CARTESIAN_POINT('',(-18.01134361885,35.45984375885,7.787402697799
    ));
#701 = CARTESIAN_POINT('',(-18.0094967047,35.456172101734,7.804783436903
    ));
#702 = CARTESIAN_POINT('',(-18.00783735746,35.452866889974,
    7.822210740375));
#703 = CARTESIAN_POINT('',(-18.00635814131,35.449917795783,
    7.839708058862));
#704 = CARTESIAN_POINT('',(-18.00506067076,35.44732857934,7.857288908445
    ));
#705 = CARTESIAN_POINT('',(-18.00394418789,35.445097191545,7.875));
#706 = CYLINDRICAL_SURFACE('',#707,1.);
#707 = AXIS2_PLACEMENT_3D('',#708,#709,#710);
#708 = CARTESIAN_POINT('',(19.,36.437253933194,8.));
#709 = DIRECTION('',(-1.,-0.,-0.));
#710 = DIRECTION('',(0.,0.,-1.));
#711 = ADVANCED_FACE('',(#712),#734,.F.);
#712 = FACE_BOUND('',#713,.F.);
#713 = EDGE_LOOP('',(#714,#715,#728,#733));
#714 = ORIENTED_EDGE('',*,*,#46,.T.);
#715 = ORIENTED_EDGE('',*,*,#716,.T.);
#716 = EDGE_CURVE('',#47,#717,#719,.T.);
#717 = VERTEX_POINT('',#718);
#718 = CARTESIAN_POINT('',(-19.,28.085786437627,8.));
#719 = B_SPLINE_CURVE_WITH_KNOTS('',7,(#720,#721,#722,#723,#724,#725,
    #726,#727),.UNSPECIFIED.,.F.,.F.,(8,8),(0.795180775004,
    1.910098894519),.PIECEWISE_BEZIER_KNOTS.);
#720 = CARTESIAN_POINT('',(-20.,27.460516074626,7.));
#721 = CARTESIAN_POINT('',(-19.82612507783,27.5985206918,7.));
#722 = CARTESIAN_POINT('',(-19.637536983,27.731814669104,7.035126257646)
  );
#723 = CARTESIAN_POINT('',(-19.44225300649,27.855321267726,
    7.117065149449));
#724 = CARTESIAN_POINT('',(-19.24227032963,27.965399381712,
    7.253669752683));
#725 = CARTESIAN_POINT('',(-19.07956976181,28.045834296466,
    7.476188576396));
#726 = CARTESIAN_POINT('',(-19.,28.085786437627,7.738038803783));
#727 = CARTESIAN_POINT('',(-19.,28.085786437627,8.));
#728 = ORIENTED_EDGE('',*,*,#729,.F.);
#729 = EDGE_CURVE('',#635,#717,#730,.T.);
#730 = B_SPLINE_CURVE_WITH_KNOTS('',1,(#731,#732),.UNSPECIFIED.,.F.,.F.,
  (2,2),(0.,1.114918119515),.PIECEWISE_BEZIER_KNOTS.);
#731 = CARTESIAN_POINT('',(-18.,27.085786437627,8.));
#732 = CARTESIAN_POINT('',(-19.,28.085786437627,8.));
#733 = ORIENTED_EDGE('',*,*,#634,.F.);
#734 = B_SPLINE_SURFACE_WITH_KNOTS('',1,7,(
    (#735,#736,#737,#738,#739,#740,#741,#742)
    ,(#743,#744,#745,#746,#747,#748,#749,#750
  )),.UNSPECIFIED.,.F.,.F.,.F.,(2,2),(8,8),(0.,1.114918119515),(
    0.795180775004,1.910098894519),.PIECEWISE_BEZIER_KNOTS.);
#735 = CARTESIAN_POINT('',(-18.625270363,26.085786437627,7.));
#736 = CARTESIAN_POINT('',(-18.48726574582,26.259661359788,7.));
#737 = CARTESIAN_POINT('',(-18.35397176852,26.448249454626,
    7.035126257646));
#738 = CARTESIAN_POINT('',(-18.2304651699,26.64353343113,7.117065149449)
  );
#739 = CARTESIAN_POINT('',(-18.12038705591,26.843516107988,
    7.253669752683));
#740 = CARTESIAN_POINT('',(-18.03995214116,27.00621667581,7.476188576396
    ));
#741 = CARTESIAN_POINT('',(-18.,27.085786437627,7.738038803783));
#742 = CARTESIAN_POINT('',(-18.,27.085786437627,8.));
#743 = CARTESIAN_POINT('',(-20.,27.460516074626,7.));
#744 = CARTESIAN_POINT('',(-19.82612507783,27.5985206918,7.));
#745 = CARTESIAN_POINT('',(-19.637536983,27.731814669104,7.035126257646)
  );
#746 = CARTESIAN_POINT('',(-19.44225300649,27.855321267726,
    7.117065149449));
#747 = CARTESIAN_POINT('',(-19.24227032963,27.965399381712,
    7.253669752683));
#748 = CARTESIAN_POINT('',(-19.07956976181,28.045834296466,
    7.476188576396));
#749 = CARTESIAN_POINT('',(-19.,28.085786437627,7.738038803783));
#750 = CARTESIAN_POINT('',(-19.,28.085786437627,8.));
#751 = ADVANCED_FACE('',(#752),#780,.F.);
#752 = FACE_BOUND('',#753,.F.);
#753 = EDGE_LOOP('',(#754,#755,#756,#763));
#754 = ORIENTED_EDGE('',*,*,#61,.T.);
#755 = ORIENTED_EDGE('',*,*,#690,.T.);
#756 = ORIENTED_EDGE('',*,*,#757,.F.);
#757 = EDGE_CURVE('',#758,#683,#760,.T.);
#758 = VERTEX_POINT('',#759);
#759 = CARTESIAN_POINT('',(-19.01932038104,34.445987065093,7.80437923178
    ));
#760 = B_SPLINE_CURVE_WITH_KNOTS('',1,(#761,#762),.UNSPECIFIED.,.F.,.F.,
  (2,2),(0.,1.021798854228),.PIECEWISE_BEZIER_KNOTS.);
#761 = CARTESIAN_POINT('',(-19.01932038104,34.445987065093,7.80437923178
    ));
#762 = CARTESIAN_POINT('',(-18.00394418789,35.445097191545,7.875));
#763 = ORIENTED_EDGE('',*,*,#764,.F.);
#764 = EDGE_CURVE('',#54,#758,#765,.T.);
#765 = B_SPLINE_CURVE_WITH_KNOTS('',7,(#766,#767,#768,#769,#770,#771,
    #772,#773,#774,#775,#776,#777,#778,#779),.UNSPECIFIED.,.F.,.F.,(8,6,
    8),(0.782721210764,1.730158913456,1.804520064992),.UNSPECIFIED.);
#766 = CARTESIAN_POINT('',(-20.,35.06253571149,7.));
#767 = CARTESIAN_POINT('',(-19.84974975732,34.943300764908,
    7.000010036553));
#768 = CARTESIAN_POINT('',(-19.68872966798,34.827632405763,
    7.026162986318));
#769 = CARTESIAN_POINT('',(-19.52074490418,34.71850978612,7.086500272849
    ));
#770 = CARTESIAN_POINT('',(-19.35072098374,34.619007407907,
    7.184939133561));
#771 = CARTESIAN_POINT('',(-19.1939670564,34.536595182301,7.341651554697
    ));
#772 = CARTESIAN_POINT('',(-19.08739176423,34.48230579221,7.53896132652)
  );
#773 = CARTESIAN_POINT('',(-19.0287903808,34.451672538011,7.761187080519
    ));
#774 = CARTESIAN_POINT('',(-19.02685860688,34.450645221772,
    7.769707619321));
#775 = CARTESIAN_POINT('',(-19.02525235608,34.449738812254,
    7.776520887405));
#776 = CARTESIAN_POINT('',(-19.0236979447,34.448831015082,7.78325669673)
  );
#777 = CARTESIAN_POINT('',(-19.02224461639,34.447943662195,
    7.790101514252));
#778 = CARTESIAN_POINT('',(-19.02075836612,34.446976159394,
    7.797170372109));
#779 = CARTESIAN_POINT('',(-19.01932038104,34.445987065093,7.80437923178
    ));
#780 = B_SPLINE_SURFACE_WITH_KNOTS('',1,7,(
    (#781,#782,#783,#784,#785,#786,#787,#788,#789,#790,#791,#792,#793
      ,#794)
    ,(#795,#796,#797,#798,#799,#800,#801,#802,#803,#804,#805,#806,#807
      ,#808
    )),.UNSPECIFIED.,.F.,.F.,.F.,(2,2),(8,6,8),(0.,1.021798854228),(
    0.782721210764,1.730158913456,1.804520064992),.UNSPECIFIED.);
#781 = CARTESIAN_POINT('',(-20.,35.06253571149,7.));
#782 = CARTESIAN_POINT('',(-19.84974975732,34.943300764908,
    7.000010036553));
#783 = CARTESIAN_POINT('',(-19.68872966798,34.827632405763,
    7.026162986318));
#784 = CARTESIAN_POINT('',(-19.52074490418,34.71850978612,7.086500272849
    ));
#785 = CARTESIAN_POINT('',(-19.35072098374,34.619007407907,
    7.184939133561));
#786 = CARTESIAN_POINT('',(-19.1939670564,34.536595182301,7.341651554697
    ));
#787 = CARTESIAN_POINT('',(-19.08739176423,34.48230579221,7.53896132652)
  );
#788 = CARTESIAN_POINT('',(-19.0287903808,34.451672538011,7.761187080519
    ));
#789 = CARTESIAN_POINT('',(-19.02685860688,34.450645221772,
    7.769707619321));
#790 = CARTESIAN_POINT('',(-19.02525235608,34.449738812254,
    7.776520887405));
#791 = CARTESIAN_POINT('',(-19.0236979447,34.448831015082,7.78325669673)
  );
#792 = CARTESIAN_POINT('',(-19.02224461639,34.447943662195,
    7.790101514252));
#793 = CARTESIAN_POINT('',(-19.02075836612,34.446976159394,
    7.797170372109));
#794 = CARTESIAN_POINT('',(-19.01932038104,34.445987065093,7.80437923178
    ));
#795 = CARTESIAN_POINT('',(-18.62526111532,36.437253933194,7.));
#796 = CARTESIAN_POINT('',(-18.50621277637,36.287281095025,
    6.999989986847));
#797 = CARTESIAN_POINT('',(-18.39068726943,36.126568017621,
    7.026079615854));
#798 = CARTESIAN_POINT('',(-18.28177136087,35.958978751311,
    7.086133666003));
#799 = CARTESIAN_POINT('',(-18.1825257047,35.789982794353,7.184235093188
    ));
#800 = CARTESIAN_POINT('',(-18.0998873972,35.633705811729,7.33885849943)
  );
#801 = CARTESIAN_POINT('',(-18.04347250542,35.523413010891,
    7.536457578601));
#802 = CARTESIAN_POINT('',(-18.01338137611,35.463882993097,
    7.770093764065));
#803 = CARTESIAN_POINT('',(-18.01134361885,35.45984375885,7.787402697799
    ));
#804 = CARTESIAN_POINT('',(-18.0094967047,35.456172101734,7.804783436903
    ));
#805 = CARTESIAN_POINT('',(-18.00783735746,35.452866889974,
    7.822210740375));
#806 = CARTESIAN_POINT('',(-18.00635814131,35.449917795783,
    7.839708058862));
#807 = CARTESIAN_POINT('',(-18.00506067076,35.44732857934,7.857288908445
    ));
#808 = CARTESIAN_POINT('',(-18.00394418789,35.445097191545,7.875));
#809 = ADVANCED_FACE('',(#810),#838,.F.);
#810 = FACE_BOUND('',#811,.F.);
#811 = EDGE_LOOP('',(#812,#813,#814,#831,#837));
#812 = ORIENTED_EDGE('',*,*,#53,.F.);
#813 = ORIENTED_EDGE('',*,*,#764,.T.);
#814 = ORIENTED_EDGE('',*,*,#815,.T.);
#815 = EDGE_CURVE('',#758,#816,#818,.T.);
#816 = VERTEX_POINT('',#817);
#817 = CARTESIAN_POINT('',(-19.,34.4160797831,8.));
#818 = B_SPLINE_CURVE_WITH_KNOTS('',6,(#819,#820,#821,#822,#823,#824,
    #825,#826,#827,#828,#829,#830),.UNSPECIFIED.,.F.,.F.,(7,5,7),(
    1.804520064993,1.879985165968,2.079611586109),.UNSPECIFIED.);
#819 = CARTESIAN_POINT('',(-19.01932038104,34.445987065093,
    7.804379231781));
#820 = CARTESIAN_POINT('',(-19.01761782575,34.44481599055,7.812914426083
    ));
#821 = CARTESIAN_POINT('',(-19.01596374891,34.443597378354,
    7.821672441136));
#822 = CARTESIAN_POINT('',(-19.01439642243,34.442354339574,
    7.830497938836));
#823 = CARTESIAN_POINT('',(-19.01292434651,34.44109357854,7.839344474295
    ));
#824 = CARTESIAN_POINT('',(-19.01154258592,34.439812347958,
    7.848230496395));
#825 = CARTESIAN_POINT('',(-19.00682748905,34.435048169692,
    7.880909903476));
#826 = CARTESIAN_POINT('',(-19.00406168473,34.431448206814,
    7.904922637411));
#827 = CARTESIAN_POINT('',(-19.00204575042,34.427795491383,
    7.928595006321));
#828 = CARTESIAN_POINT('',(-19.00067419526,34.423995884824,
    7.952471598737));
#829 = CARTESIAN_POINT('',(-19.,34.420096534839,7.976236576236));
#830 = CARTESIAN_POINT('',(-19.,34.4160797831,8.));
#831 = ORIENTED_EDGE('',*,*,#832,.T.);
#832 = EDGE_CURVE('',#816,#717,#833,.T.);
#833 = LINE('',#834,#835);
#834 = CARTESIAN_POINT('',(-19.,35.5,8.));
#835 = VECTOR('',#836,1.);
#836 = DIRECTION('',(0.,-1.,0.));
#837 = ORIENTED_EDGE('',*,*,#716,.F.);
#838 = CYLINDRICAL_SURFACE('',#839,1.);
#839 = AXIS2_PLACEMENT_3D('',#840,#841,#842);
#840 = CARTESIAN_POINT('',(-20.,35.5,8.));
#841 = DIRECTION('',(0.,-1.,0.));
#842 = DIRECTION('',(-0.,-0.,-1.));
#843 = ADVANCED_FACE('',(#844),#869,.F.);
#844 = FACE_BOUND('',#845,.F.);
#845 = EDGE_LOOP('',(#846,#856,#862,#863));
#846 = ORIENTED_EDGE('',*,*,#847,.F.);
#847 = EDGE_CURVE('',#848,#850,#852,.T.);
#848 = VERTEX_POINT('',#849);
#849 = CARTESIAN_POINT('',(-64.,-28.,0.));
#850 = VERTEX_POINT('',#851);
#851 = CARTESIAN_POINT('',(-64.,-40.,0.));
#852 = LINE('',#853,#854);
#853 = CARTESIAN_POINT('',(-64.,-28.,0.));
#854 = VECTOR('',#855,1.);
#855 = DIRECTION('',(0.,-1.,0.));
#856 = ORIENTED_EDGE('',*,*,#857,.T.);
#857 = EDGE_CURVE('',#848,#84,#858,.T.);
#858 = LINE('',#859,#860);
#859 = CARTESIAN_POINT('',(-64.,-28.,0.));
#860 = VECTOR('',#861,1.);
#861 = DIRECTION('',(0.,0.,1.));
#862 = ORIENTED_EDGE('',*,*,#83,.T.);
#863 = ORIENTED_EDGE('',*,*,#864,.F.);
#864 = EDGE_CURVE('',#850,#86,#865,.T.);
#865 = LINE('',#866,#867);
#866 = CARTESIAN_POINT('',(-64.,-40.,0.));
#867 = VECTOR('',#868,1.);
#868 = DIRECTION('',(0.,0.,1.));
#869 = PLANE('',#870);
#870 = AXIS2_PLACEMENT_3D('',#871,#872,#873);
#871 = CARTESIAN_POINT('',(-64.,-28.,0.));
#872 = DIRECTION('',(1.,0.,0.));
#873 = DIRECTION('',(0.,-1.,0.));
#874 = ADVANCED_FACE('',(#875),#893,.T.);
#875 = FACE_BOUND('',#876,.F.);
#876 = EDGE_LOOP('',(#877,#885,#886,#887));
#877 = ORIENTED_EDGE('',*,*,#878,.F.);
#878 = EDGE_CURVE('',#850,#879,#881,.T.);
#879 = VERTEX_POINT('',#880);
#880 = CARTESIAN_POINT('',(-62.5,-41.5,0.));
#881 = LINE('',#882,#883);
#882 = CARTESIAN_POINT('',(-57.5718978281,-46.42810217189,0.));
#883 = VECTOR('',#884,1.);
#884 = DIRECTION('',(0.707106781187,-0.707106781187,0.));
#885 = ORIENTED_EDGE('',*,*,#864,.T.);
#886 = ORIENTED_EDGE('',*,*,#93,.T.);
#887 = ORIENTED_EDGE('',*,*,#888,.F.);
#888 = EDGE_CURVE('',#879,#94,#889,.T.);
#889 = LINE('',#890,#891);
#890 = CARTESIAN_POINT('',(-62.5,-41.5,0.));
#891 = VECTOR('',#892,1.);
#892 = DIRECTION('',(0.,0.,1.));
#893 = PLANE('',#894);
#894 = AXIS2_PLACEMENT_3D('',#895,#896,#897);
#895 = CARTESIAN_POINT('',(-63.25,-40.75,0.));
#896 = DIRECTION('',(-0.707106781187,-0.707106781187,0.));
#897 = DIRECTION('',(-0.,-0.,-1.));
#898 = ADVANCED_FACE('',(#899),#918,.T.);
#899 = FACE_BOUND('',#900,.F.);
#900 = EDGE_LOOP('',(#901,#909,#910,#911));
#901 = ORIENTED_EDGE('',*,*,#902,.T.);
#902 = EDGE_CURVE('',#903,#269,#905,.T.);
#903 = VERTEX_POINT('',#904);
#904 = CARTESIAN_POINT('',(-62.,-26.,0.));
#905 = LINE('',#906,#907);
#906 = CARTESIAN_POINT('',(-62.,-26.,0.));
#907 = VECTOR('',#908,1.);
#908 = DIRECTION('',(0.,0.,1.));
#909 = ORIENTED_EDGE('',*,*,#276,.T.);
#910 = ORIENTED_EDGE('',*,*,#857,.F.);
#911 = ORIENTED_EDGE('',*,*,#912,.F.);
#912 = EDGE_CURVE('',#903,#848,#913,.T.);
#913 = CIRCLE('',#914,2.);
#914 = AXIS2_PLACEMENT_3D('',#915,#916,#917);
#915 = CARTESIAN_POINT('',(-62.,-28.,0.));
#916 = DIRECTION('',(0.,0.,1.));
#917 = DIRECTION('',(1.,0.,0.));
#918 = CYLINDRICAL_SURFACE('',#919,2.);
#919 = AXIS2_PLACEMENT_3D('',#920,#921,#922);
#920 = CARTESIAN_POINT('',(-62.,-28.,0.));
#921 = DIRECTION('',(-0.,-0.,-1.));
#922 = DIRECTION('',(1.,0.,0.));
#923 = ADVANCED_FACE('',(#924),#942,.F.);
#924 = FACE_BOUND('',#925,.F.);
#925 = EDGE_LOOP('',(#926,#934,#935,#936));
#926 = ORIENTED_EDGE('',*,*,#927,.F.);
#927 = EDGE_CURVE('',#879,#928,#930,.T.);
#928 = VERTEX_POINT('',#929);
#929 = CARTESIAN_POINT('',(62.5,-41.5,0.));
#930 = LINE('',#931,#932);
#931 = CARTESIAN_POINT('',(-64.,-41.5,0.));
#932 = VECTOR('',#933,1.);
#933 = DIRECTION('',(1.,0.,0.));
#934 = ORIENTED_EDGE('',*,*,#888,.T.);
#935 = ORIENTED_EDGE('',*,*,#101,.T.);
#936 = ORIENTED_EDGE('',*,*,#937,.F.);
#937 = EDGE_CURVE('',#928,#102,#938,.T.);
#938 = LINE('',#939,#940);
#939 = CARTESIAN_POINT('',(62.5,-41.5,0.));
#940 = VECTOR('',#941,1.);
#941 = DIRECTION('',(0.,0.,1.));
#942 = PLANE('',#943);
#943 = AXIS2_PLACEMENT_3D('',#944,#945,#946);
#944 = CARTESIAN_POINT('',(-64.,-41.5,0.));
#945 = DIRECTION('',(0.,1.,0.));
#946 = DIRECTION('',(1.,0.,0.));
#947 = ADVANCED_FACE('',(#948),#966,.T.);
#948 = FACE_BOUND('',#949,.T.);
#949 = EDGE_LOOP('',(#950,#951,#952,#960));
#950 = ORIENTED_EDGE('',*,*,#902,.T.);
#951 = ORIENTED_EDGE('',*,*,#268,.T.);
#952 = ORIENTED_EDGE('',*,*,#953,.F.);
#953 = EDGE_CURVE('',#954,#260,#956,.T.);
#954 = VERTEX_POINT('',#955);
#955 = CARTESIAN_POINT('',(-49.5,-26.,0.));
#956 = LINE('',#957,#958);
#957 = CARTESIAN_POINT('',(-49.5,-26.,0.));
#958 = VECTOR('',#959,1.);
#959 = DIRECTION('',(0.,0.,1.));
#960 = ORIENTED_EDGE('',*,*,#961,.F.);
#961 = EDGE_CURVE('',#903,#954,#962,.T.);
#962 = LINE('',#963,#964);
#963 = CARTESIAN_POINT('',(-62.,-26.,0.));
#964 = VECTOR('',#965,1.);
#965 = DIRECTION('',(1.,0.,0.));
#966 = PLANE('',#967);
#967 = AXIS2_PLACEMENT_3D('',#968,#969,#970);
#968 = CARTESIAN_POINT('',(-62.,-26.,0.));
#969 = DIRECTION('',(0.,1.,0.));
#970 = DIRECTION('',(1.,0.,0.));
#971 = ADVANCED_FACE('',(#972),#990,.T.);
#972 = FACE_BOUND('',#973,.F.);
#973 = EDGE_LOOP('',(#974,#982,#983,#984));
#974 = ORIENTED_EDGE('',*,*,#975,.F.);
#975 = EDGE_CURVE('',#928,#976,#978,.T.);
#976 = VERTEX_POINT('',#977);
#977 = CARTESIAN_POINT('',(64.,-40.,0.));
#978 = LINE('',#979,#980);
#979 = CARTESIAN_POINT('',(57.678102171893,-46.3218978281,0.));
#980 = VECTOR('',#981,1.);
#981 = DIRECTION('',(0.707106781187,0.707106781187,0.));
#982 = ORIENTED_EDGE('',*,*,#937,.T.);
#983 = ORIENTED_EDGE('',*,*,#109,.T.);
#984 = ORIENTED_EDGE('',*,*,#985,.F.);
#985 = EDGE_CURVE('',#976,#110,#986,.T.);
#986 = LINE('',#987,#988);
#987 = CARTESIAN_POINT('',(64.,-40.,0.));
#988 = VECTOR('',#989,1.);
#989 = DIRECTION('',(0.,0.,1.));
#990 = PLANE('',#991);
#991 = AXIS2_PLACEMENT_3D('',#992,#993,#994);
#992 = CARTESIAN_POINT('',(63.25,-40.75,0.));
#993 = DIRECTION('',(0.707106781187,-0.707106781187,0.));
#994 = DIRECTION('',(-0.,-0.,-1.));
#995 = ADVANCED_FACE('',(#996),#1015,.F.);
#996 = FACE_BOUND('',#997,.T.);
#997 = EDGE_LOOP('',(#998,#999,#1000,#1008));
#998 = ORIENTED_EDGE('',*,*,#953,.T.);
#999 = ORIENTED_EDGE('',*,*,#259,.T.);
#1000 = ORIENTED_EDGE('',*,*,#1001,.F.);
#1001 = EDGE_CURVE('',#1002,#252,#1004,.T.);
#1002 = VERTEX_POINT('',#1003);
#1003 = CARTESIAN_POINT('',(-47.5,-24.,0.));
#1004 = LINE('',#1005,#1006);
#1005 = CARTESIAN_POINT('',(-47.5,-24.,0.));
#1006 = VECTOR('',#1007,1.);
#1007 = DIRECTION('',(0.,0.,1.));
#1008 = ORIENTED_EDGE('',*,*,#1009,.F.);
#1009 = EDGE_CURVE('',#954,#1002,#1010,.T.);
#1010 = CIRCLE('',#1011,2.);
#1011 = AXIS2_PLACEMENT_3D('',#1012,#1013,#1014);
#1012 = CARTESIAN_POINT('',(-49.5,-24.,0.));
#1013 = DIRECTION('',(0.,0.,1.));
#1014 = DIRECTION('',(1.,0.,0.));
#1015 = CYLINDRICAL_SURFACE('',#1016,2.);
#1016 = AXIS2_PLACEMENT_3D('',#1017,#1018,#1019);
#1017 = CARTESIAN_POINT('',(-49.5,-24.,0.));
#1018 = DIRECTION('',(-0.,-0.,-1.));
#1019 = DIRECTION('',(1.,0.,0.));
#1020 = ADVANCED_FACE('',(#1021),#1039,.F.);
#1021 = FACE_BOUND('',#1022,.F.);
#1022 = EDGE_LOOP('',(#1023,#1031,#1032,#1033));
#1023 = ORIENTED_EDGE('',*,*,#1024,.F.);
#1024 = EDGE_CURVE('',#976,#1025,#1027,.T.);
#1025 = VERTEX_POINT('',#1026);
#1026 = CARTESIAN_POINT('',(64.,-28.,0.));
#1027 = LINE('',#1028,#1029);
#1028 = CARTESIAN_POINT('',(64.,-41.5,0.));
#1029 = VECTOR('',#1030,1.);
#1030 = DIRECTION('',(0.,1.,0.));
#1031 = ORIENTED_EDGE('',*,*,#985,.T.);
#1032 = ORIENTED_EDGE('',*,*,#117,.T.);
#1033 = ORIENTED_EDGE('',*,*,#1034,.F.);
#1034 = EDGE_CURVE('',#1025,#118,#1035,.T.);
#1035 = LINE('',#1036,#1037);
#1036 = CARTESIAN_POINT('',(64.,-28.,0.));
#1037 = VECTOR('',#1038,1.);
#1038 = DIRECTION('',(0.,0.,1.));
#1039 = PLANE('',#1040);
#1040 = AXIS2_PLACEMENT_3D('',#1041,#1042,#1043);
#1041 = CARTESIAN_POINT('',(64.,-41.5,0.));
#1042 = DIRECTION('',(-1.,0.,0.));
#1043 = DIRECTION('',(0.,1.,0.));
#1044 = ADVANCED_FACE('',(#1045),#1063,.F.);
#1045 = FACE_BOUND('',#1046,.F.);
#1046 = EDGE_LOOP('',(#1047,#1055,#1056,#1057));
#1047 = ORIENTED_EDGE('',*,*,#1048,.T.);
#1048 = EDGE_CURVE('',#1049,#243,#1051,.T.);
#1049 = VERTEX_POINT('',#1050);
#1050 = CARTESIAN_POINT('',(-47.5,24.,0.));
#1051 = LINE('',#1052,#1053);
#1052 = CARTESIAN_POINT('',(-47.5,24.,0.));
#1053 = VECTOR('',#1054,1.);
#1054 = DIRECTION('',(0.,0.,1.));
#1055 = ORIENTED_EDGE('',*,*,#251,.T.);
#1056 = ORIENTED_EDGE('',*,*,#1001,.F.);
#1057 = ORIENTED_EDGE('',*,*,#1058,.F.);
#1058 = EDGE_CURVE('',#1049,#1002,#1059,.T.);
#1059 = LINE('',#1060,#1061);
#1060 = CARTESIAN_POINT('',(-47.5,24.,0.));
#1061 = VECTOR('',#1062,1.);
#1062 = DIRECTION('',(0.,-1.,0.));
#1063 = PLANE('',#1064);
#1064 = AXIS2_PLACEMENT_3D('',#1065,#1066,#1067);
#1065 = CARTESIAN_POINT('',(-47.5,24.,0.));
#1066 = DIRECTION('',(1.,0.,0.));
#1067 = DIRECTION('',(0.,-1.,0.));
#1068 = ADVANCED_FACE('',(#1069),#1088,.T.);
#1069 = FACE_BOUND('',#1070,.F.);
#1070 = EDGE_LOOP('',(#1071,#1072,#1073,#1081));
#1071 = ORIENTED_EDGE('',*,*,#1034,.T.);
#1072 = ORIENTED_EDGE('',*,*,#125,.T.);
#1073 = ORIENTED_EDGE('',*,*,#1074,.F.);
#1074 = EDGE_CURVE('',#1075,#126,#1077,.T.);
#1075 = VERTEX_POINT('',#1076);
#1076 = CARTESIAN_POINT('',(62.,-26.,0.));
#1077 = LINE('',#1078,#1079);
#1078 = CARTESIAN_POINT('',(62.,-26.,0.));
#1079 = VECTOR('',#1080,1.);
#1080 = DIRECTION('',(0.,0.,1.));
#1081 = ORIENTED_EDGE('',*,*,#1082,.F.);
#1082 = EDGE_CURVE('',#1025,#1075,#1083,.T.);
#1083 = CIRCLE('',#1084,2.);
#1084 = AXIS2_PLACEMENT_3D('',#1085,#1086,#1087);
#1085 = CARTESIAN_POINT('',(62.,-28.,0.));
#1086 = DIRECTION('',(0.,0.,1.));
#1087 = DIRECTION('',(1.,0.,0.));
#1088 = CYLINDRICAL_SURFACE('',#1089,2.);
#1089 = AXIS2_PLACEMENT_3D('',#1090,#1091,#1092);
#1090 = CARTESIAN_POINT('',(62.,-28.,0.));
#1091 = DIRECTION('',(-0.,-0.,-1.));
#1092 = DIRECTION('',(1.,0.,0.));
#1093 = ADVANCED_FACE('',(#1094),#1113,.F.);
#1094 = FACE_BOUND('',#1095,.T.);
#1095 = EDGE_LOOP('',(#1096,#1097,#1098,#1106));
#1096 = ORIENTED_EDGE('',*,*,#1048,.T.);
#1097 = ORIENTED_EDGE('',*,*,#242,.T.);
#1098 = ORIENTED_EDGE('',*,*,#1099,.F.);
#1099 = EDGE_CURVE('',#1100,#235,#1102,.T.);
#1100 = VERTEX_POINT('',#1101);
#1101 = CARTESIAN_POINT('',(-49.5,26.,0.));
#1102 = LINE('',#1103,#1104);
#1103 = CARTESIAN_POINT('',(-49.5,26.,0.));
#1104 = VECTOR('',#1105,1.);
#1105 = DIRECTION('',(0.,0.,1.));
#1106 = ORIENTED_EDGE('',*,*,#1107,.F.);
#1107 = EDGE_CURVE('',#1049,#1100,#1108,.T.);
#1108 = CIRCLE('',#1109,2.);
#1109 = AXIS2_PLACEMENT_3D('',#1110,#1111,#1112);
#1110 = CARTESIAN_POINT('',(-49.5,24.,0.));
#1111 = DIRECTION('',(0.,0.,1.));
#1112 = DIRECTION('',(1.,0.,0.));
#1113 = CYLINDRICAL_SURFACE('',#1114,2.);
#1114 = AXIS2_PLACEMENT_3D('',#1115,#1116,#1117);
#1115 = CARTESIAN_POINT('',(-49.5,24.,0.));
#1116 = DIRECTION('',(-0.,-0.,-1.));
#1117 = DIRECTION('',(1.,0.,0.));
#1118 = ADVANCED_FACE('',(#1119),#1137,.T.);
#1119 = FACE_BOUND('',#1120,.T.);
#1120 = EDGE_LOOP('',(#1121,#1129,#1130,#1131));
#1121 = ORIENTED_EDGE('',*,*,#1122,.T.);
#1122 = EDGE_CURVE('',#1123,#135,#1125,.T.);
#1123 = VERTEX_POINT('',#1124);
#1124 = CARTESIAN_POINT('',(51.5,-26.,0.));
#1125 = LINE('',#1126,#1127);
#1126 = CARTESIAN_POINT('',(51.5,-26.,0.));
#1127 = VECTOR('',#1128,1.);
#1128 = DIRECTION('',(0.,0.,1.));
#1129 = ORIENTED_EDGE('',*,*,#134,.T.);
#1130 = ORIENTED_EDGE('',*,*,#1074,.F.);
#1131 = ORIENTED_EDGE('',*,*,#1132,.F.);
#1132 = EDGE_CURVE('',#1123,#1075,#1133,.T.);
#1133 = LINE('',#1134,#1135);
#1134 = CARTESIAN_POINT('',(51.5,-26.,0.));
#1135 = VECTOR('',#1136,1.);
#1136 = DIRECTION('',(1.,-3.4E-16,0.));
#1137 = PLANE('',#1138);
#1138 = AXIS2_PLACEMENT_3D('',#1139,#1140,#1141);
#1139 = CARTESIAN_POINT('',(51.5,-26.,0.));
#1140 = DIRECTION('',(3.4E-16,1.,0.));
#1141 = DIRECTION('',(1.,-3.4E-16,0.));
#1142 = ADVANCED_FACE('',(#1143),#1161,.F.);
#1143 = FACE_BOUND('',#1144,.F.);
#1144 = EDGE_LOOP('',(#1145,#1153,#1154,#1155));
#1145 = ORIENTED_EDGE('',*,*,#1146,.T.);
#1146 = EDGE_CURVE('',#1147,#226,#1149,.T.);
#1147 = VERTEX_POINT('',#1148);
#1148 = CARTESIAN_POINT('',(-62.,26.,0.));
#1149 = LINE('',#1150,#1151);
#1150 = CARTESIAN_POINT('',(-62.,26.,0.));
#1151 = VECTOR('',#1152,1.);
#1152 = DIRECTION('',(0.,0.,1.));
#1153 = ORIENTED_EDGE('',*,*,#234,.T.);
#1154 = ORIENTED_EDGE('',*,*,#1099,.F.);
#1155 = ORIENTED_EDGE('',*,*,#1156,.F.);
#1156 = EDGE_CURVE('',#1147,#1100,#1157,.T.);
#1157 = LINE('',#1158,#1159);
#1158 = CARTESIAN_POINT('',(-62.,26.,0.));
#1159 = VECTOR('',#1160,1.);
#1160 = DIRECTION('',(1.,0.,0.));
#1161 = PLANE('',#1162);
#1162 = AXIS2_PLACEMENT_3D('',#1163,#1164,#1165);
#1163 = CARTESIAN_POINT('',(-62.,26.,0.));
#1164 = DIRECTION('',(0.,1.,0.));
#1165 = DIRECTION('',(1.,0.,0.));
#1166 = ADVANCED_FACE('',(#1167),#1186,.F.);
#1167 = FACE_BOUND('',#1168,.T.);
#1168 = EDGE_LOOP('',(#1169,#1177,#1178,#1179));
#1169 = ORIENTED_EDGE('',*,*,#1170,.T.);
#1170 = EDGE_CURVE('',#1171,#143,#1173,.T.);
#1171 = VERTEX_POINT('',#1172);
#1172 = CARTESIAN_POINT('',(49.5,-24.,0.));
#1173 = LINE('',#1174,#1175);
#1174 = CARTESIAN_POINT('',(49.5,-24.,0.));
#1175 = VECTOR('',#1176,1.);
#1176 = DIRECTION('',(0.,0.,1.));
#1177 = ORIENTED_EDGE('',*,*,#142,.T.);
#1178 = ORIENTED_EDGE('',*,*,#1122,.F.);
#1179 = ORIENTED_EDGE('',*,*,#1180,.F.);
#1180 = EDGE_CURVE('',#1171,#1123,#1181,.T.);
#1181 = CIRCLE('',#1182,2.);
#1182 = AXIS2_PLACEMENT_3D('',#1183,#1184,#1185);
#1183 = CARTESIAN_POINT('',(51.5,-24.,0.));
#1184 = DIRECTION('',(0.,0.,1.));
#1185 = DIRECTION('',(1.,0.,0.));
#1186 = CYLINDRICAL_SURFACE('',#1187,2.);
#1187 = AXIS2_PLACEMENT_3D('',#1188,#1189,#1190);
#1188 = CARTESIAN_POINT('',(51.5,-24.,0.));
#1189 = DIRECTION('',(-0.,-0.,-1.));
#1190 = DIRECTION('',(1.,0.,0.));
#1191 = ADVANCED_FACE('',(#1192),#1211,.T.);
#1192 = FACE_BOUND('',#1193,.F.);
#1193 = EDGE_LOOP('',(#1194,#1202,#1203,#1204));
#1194 = ORIENTED_EDGE('',*,*,#1195,.T.);
#1195 = EDGE_CURVE('',#1196,#218,#1198,.T.);
#1196 = VERTEX_POINT('',#1197);
#1197 = CARTESIAN_POINT('',(-64.,28.,0.));
#1198 = LINE('',#1199,#1200);
#1199 = CARTESIAN_POINT('',(-64.,28.,0.));
#1200 = VECTOR('',#1201,1.);
#1201 = DIRECTION('',(0.,0.,1.));
#1202 = ORIENTED_EDGE('',*,*,#225,.T.);
#1203 = ORIENTED_EDGE('',*,*,#1146,.F.);
#1204 = ORIENTED_EDGE('',*,*,#1205,.F.);
#1205 = EDGE_CURVE('',#1196,#1147,#1206,.T.);
#1206 = CIRCLE('',#1207,2.);
#1207 = AXIS2_PLACEMENT_3D('',#1208,#1209,#1210);
#1208 = CARTESIAN_POINT('',(-62.,28.,0.));
#1209 = DIRECTION('',(0.,0.,1.));
#1210 = DIRECTION('',(1.,0.,0.));
#1211 = CYLINDRICAL_SURFACE('',#1212,2.);
#1212 = AXIS2_PLACEMENT_3D('',#1213,#1214,#1215);
#1213 = CARTESIAN_POINT('',(-62.,28.,0.));
#1214 = DIRECTION('',(-0.,-0.,-1.));
#1215 = DIRECTION('',(1.,0.,0.));
#1216 = ADVANCED_FACE('',(#1217),#1235,.T.);
#1217 = FACE_BOUND('',#1218,.T.);
#1218 = EDGE_LOOP('',(#1219,#1227,#1228,#1229));
#1219 = ORIENTED_EDGE('',*,*,#1220,.T.);
#1220 = EDGE_CURVE('',#1221,#152,#1223,.T.);
#1221 = VERTEX_POINT('',#1222);
#1222 = CARTESIAN_POINT('',(49.5,24.,0.));
#1223 = LINE('',#1224,#1225);
#1224 = CARTESIAN_POINT('',(49.5,24.,0.));
#1225 = VECTOR('',#1226,1.);
#1226 = DIRECTION('',(0.,0.,1.));
#1227 = ORIENTED_EDGE('',*,*,#151,.T.);
#1228 = ORIENTED_EDGE('',*,*,#1170,.F.);
#1229 = ORIENTED_EDGE('',*,*,#1230,.F.);
#1230 = EDGE_CURVE('',#1221,#1171,#1231,.T.);
#1231 = LINE('',#1232,#1233);
#1232 = CARTESIAN_POINT('',(49.5,24.,0.));
#1233 = VECTOR('',#1234,1.);
#1234 = DIRECTION('',(0.,-1.,0.));
#1235 = PLANE('',#1236);
#1236 = AXIS2_PLACEMENT_3D('',#1237,#1238,#1239);
#1237 = CARTESIAN_POINT('',(49.5,24.,0.));
#1238 = DIRECTION('',(1.,0.,0.));
#1239 = DIRECTION('',(0.,-1.,0.));
#1240 = ADVANCED_FACE('',(#1241),#1259,.F.);
#1241 = FACE_BOUND('',#1242,.F.);
#1242 = EDGE_LOOP('',(#1243,#1251,#1257,#1258));
#1243 = ORIENTED_EDGE('',*,*,#1244,.F.);
#1244 = EDGE_CURVE('',#1245,#1196,#1247,.T.);
#1245 = VERTEX_POINT('',#1246);
#1246 = CARTESIAN_POINT('',(-64.,40.,0.));
#1247 = LINE('',#1248,#1249);
#1248 = CARTESIAN_POINT('',(-64.,41.5,0.));
#1249 = VECTOR('',#1250,1.);
#1250 = DIRECTION('',(0.,-1.,0.));
#1251 = ORIENTED_EDGE('',*,*,#1252,.T.);
#1252 = EDGE_CURVE('',#1245,#210,#1253,.T.);
#1253 = LINE('',#1254,#1255);
#1254 = CARTESIAN_POINT('',(-64.,40.,0.));
#1255 = VECTOR('',#1256,1.);
#1256 = DIRECTION('',(0.,0.,1.));
#1257 = ORIENTED_EDGE('',*,*,#217,.T.);
#1258 = ORIENTED_EDGE('',*,*,#1195,.F.);
#1259 = PLANE('',#1260);
#1260 = AXIS2_PLACEMENT_3D('',#1261,#1262,#1263);
#1261 = CARTESIAN_POINT('',(-64.,41.5,0.));
#1262 = DIRECTION('',(1.,0.,0.));
#1263 = DIRECTION('',(0.,-1.,0.));
#1264 = ADVANCED_FACE('',(#1265),#1284,.F.);
#1265 = FACE_BOUND('',#1266,.T.);
#1266 = EDGE_LOOP('',(#1267,#1275,#1276,#1277));
#1267 = ORIENTED_EDGE('',*,*,#1268,.T.);
#1268 = EDGE_CURVE('',#1269,#160,#1271,.T.);
#1269 = VERTEX_POINT('',#1270);
#1270 = CARTESIAN_POINT('',(51.5,26.,0.));
#1271 = LINE('',#1272,#1273);
#1272 = CARTESIAN_POINT('',(51.5,26.,0.));
#1273 = VECTOR('',#1274,1.);
#1274 = DIRECTION('',(0.,0.,1.));
#1275 = ORIENTED_EDGE('',*,*,#159,.T.);
#1276 = ORIENTED_EDGE('',*,*,#1220,.F.);
#1277 = ORIENTED_EDGE('',*,*,#1278,.F.);
#1278 = EDGE_CURVE('',#1269,#1221,#1279,.T.);
#1279 = CIRCLE('',#1280,2.);
#1280 = AXIS2_PLACEMENT_3D('',#1281,#1282,#1283);
#1281 = CARTESIAN_POINT('',(51.5,24.,0.));
#1282 = DIRECTION('',(0.,0.,1.));
#1283 = DIRECTION('',(1.,0.,0.));
#1284 = CYLINDRICAL_SURFACE('',#1285,2.);
#1285 = AXIS2_PLACEMENT_3D('',#1286,#1287,#1288);
#1286 = CARTESIAN_POINT('',(51.5,24.,0.));
#1287 = DIRECTION('',(-0.,-0.,-1.));
#1288 = DIRECTION('',(1.,0.,0.));
#1289 = ADVANCED_FACE('',(#1290),#1308,.T.);
#1290 = FACE_BOUND('',#1291,.F.);
#1291 = EDGE_LOOP('',(#1292,#1300,#1306,#1307));
#1292 = ORIENTED_EDGE('',*,*,#1293,.F.);
#1293 = EDGE_CURVE('',#1294,#1245,#1296,.T.);
#1294 = VERTEX_POINT('',#1295);
#1295 = CARTESIAN_POINT('',(-62.5,41.5,0.));
#1296 = LINE('',#1297,#1298);
#1297 = CARTESIAN_POINT('',(-57.5718978281,46.428102171893,0.));
#1298 = VECTOR('',#1299,1.);
#1299 = DIRECTION('',(-0.707106781187,-0.707106781187,0.));
#1300 = ORIENTED_EDGE('',*,*,#1301,.T.);
#1301 = EDGE_CURVE('',#1294,#202,#1302,.T.);
#1302 = LINE('',#1303,#1304);
#1303 = CARTESIAN_POINT('',(-62.5,41.5,0.));
#1304 = VECTOR('',#1305,1.);
#1305 = DIRECTION('',(0.,0.,1.));
#1306 = ORIENTED_EDGE('',*,*,#209,.T.);
#1307 = ORIENTED_EDGE('',*,*,#1252,.F.);
#1308 = PLANE('',#1309);
#1309 = AXIS2_PLACEMENT_3D('',#1310,#1311,#1312);
#1310 = CARTESIAN_POINT('',(-63.25,40.75,0.));
#1311 = DIRECTION('',(-0.707106781187,0.707106781187,0.));
#1312 = DIRECTION('',(-0.,-0.,-1.));
#1313 = ADVANCED_FACE('',(#1314),#1332,.F.);
#1314 = FACE_BOUND('',#1315,.F.);
#1315 = EDGE_LOOP('',(#1316,#1317,#1318,#1326));
#1316 = ORIENTED_EDGE('',*,*,#1268,.T.);
#1317 = ORIENTED_EDGE('',*,*,#168,.T.);
#1318 = ORIENTED_EDGE('',*,*,#1319,.F.);
#1319 = EDGE_CURVE('',#1320,#169,#1322,.T.);
#1320 = VERTEX_POINT('',#1321);
#1321 = CARTESIAN_POINT('',(62.,26.,0.));
#1322 = LINE('',#1323,#1324);
#1323 = CARTESIAN_POINT('',(62.,26.,0.));
#1324 = VECTOR('',#1325,1.);
#1325 = DIRECTION('',(0.,0.,1.));
#1326 = ORIENTED_EDGE('',*,*,#1327,.F.);
#1327 = EDGE_CURVE('',#1269,#1320,#1328,.T.);
#1328 = LINE('',#1329,#1330);
#1329 = CARTESIAN_POINT('',(51.5,26.,0.));
#1330 = VECTOR('',#1331,1.);
#1331 = DIRECTION('',(1.,0.,0.));
#1332 = PLANE('',#1333);
#1333 = AXIS2_PLACEMENT_3D('',#1334,#1335,#1336);
#1334 = CARTESIAN_POINT('',(51.5,26.,0.));
#1335 = DIRECTION('',(0.,1.,0.));
#1336 = DIRECTION('',(1.,0.,0.));
#1337 = ADVANCED_FACE('',(#1338),#1356,.F.);
#1338 = FACE_BOUND('',#1339,.F.);
#1339 = EDGE_LOOP('',(#1340,#1348,#1354,#1355));
#1340 = ORIENTED_EDGE('',*,*,#1341,.F.);
#1341 = EDGE_CURVE('',#1342,#1294,#1344,.T.);
#1342 = VERTEX_POINT('',#1343);
#1343 = CARTESIAN_POINT('',(62.5,41.5,0.));
#1344 = LINE('',#1345,#1346);
#1345 = CARTESIAN_POINT('',(64.,41.5,0.));
#1346 = VECTOR('',#1347,1.);
#1347 = DIRECTION('',(-1.,0.,0.));
#1348 = ORIENTED_EDGE('',*,*,#1349,.T.);
#1349 = EDGE_CURVE('',#1342,#194,#1350,.T.);
#1350 = LINE('',#1351,#1352);
#1351 = CARTESIAN_POINT('',(62.5,41.5,0.));
#1352 = VECTOR('',#1353,1.);
#1353 = DIRECTION('',(0.,0.,1.));
#1354 = ORIENTED_EDGE('',*,*,#201,.T.);
#1355 = ORIENTED_EDGE('',*,*,#1301,.F.);
#1356 = PLANE('',#1357);
#1357 = AXIS2_PLACEMENT_3D('',#1358,#1359,#1360);
#1358 = CARTESIAN_POINT('',(64.,41.5,0.));
#1359 = DIRECTION('',(0.,-1.,0.));
#1360 = DIRECTION('',(-1.,0.,0.));
#1361 = ADVANCED_FACE('',(#1362),#1381,.T.);
#1362 = FACE_BOUND('',#1363,.F.);
#1363 = EDGE_LOOP('',(#1364,#1365,#1366,#1374));
#1364 = ORIENTED_EDGE('',*,*,#1319,.T.);
#1365 = ORIENTED_EDGE('',*,*,#176,.T.);
#1366 = ORIENTED_EDGE('',*,*,#1367,.F.);
#1367 = EDGE_CURVE('',#1368,#177,#1370,.T.);
#1368 = VERTEX_POINT('',#1369);
#1369 = CARTESIAN_POINT('',(64.,28.,0.));
#1370 = LINE('',#1371,#1372);
#1371 = CARTESIAN_POINT('',(64.,28.,0.));
#1372 = VECTOR('',#1373,1.);
#1373 = DIRECTION('',(0.,0.,1.));
#1374 = ORIENTED_EDGE('',*,*,#1375,.F.);
#1375 = EDGE_CURVE('',#1320,#1368,#1376,.T.);
#1376 = CIRCLE('',#1377,2.);
#1377 = AXIS2_PLACEMENT_3D('',#1378,#1379,#1380);
#1378 = CARTESIAN_POINT('',(62.,28.,0.));
#1379 = DIRECTION('',(0.,0.,1.));
#1380 = DIRECTION('',(1.,0.,0.));
#1381 = CYLINDRICAL_SURFACE('',#1382,2.);
#1382 = AXIS2_PLACEMENT_3D('',#1383,#1384,#1385);
#1383 = CARTESIAN_POINT('',(62.,28.,0.));
#1384 = DIRECTION('',(-0.,-0.,-1.));
#1385 = DIRECTION('',(1.,0.,0.));
#1386 = ADVANCED_FACE('',(#1387),#1405,.T.);
#1387 = FACE_BOUND('',#1388,.F.);
#1388 = EDGE_LOOP('',(#1389,#1397,#1403,#1404));
#1389 = ORIENTED_EDGE('',*,*,#1390,.F.);
#1390 = EDGE_CURVE('',#1391,#1342,#1393,.T.);
#1391 = VERTEX_POINT('',#1392);
#1392 = CARTESIAN_POINT('',(64.,40.,0.));
#1393 = LINE('',#1394,#1395);
#1394 = CARTESIAN_POINT('',(57.678102171893,46.321897828107,0.));
#1395 = VECTOR('',#1396,1.);
#1396 = DIRECTION('',(-0.707106781187,0.707106781187,0.));
#1397 = ORIENTED_EDGE('',*,*,#1398,.T.);
#1398 = EDGE_CURVE('',#1391,#186,#1399,.T.);
#1399 = LINE('',#1400,#1401);
#1400 = CARTESIAN_POINT('',(64.,40.,0.));
#1401 = VECTOR('',#1402,1.);
#1402 = DIRECTION('',(0.,0.,1.));
#1403 = ORIENTED_EDGE('',*,*,#193,.T.);
#1404 = ORIENTED_EDGE('',*,*,#1349,.F.);
#1405 = PLANE('',#1406);
#1406 = AXIS2_PLACEMENT_3D('',#1407,#1408,#1409);
#1407 = CARTESIAN_POINT('',(63.25,40.75,0.));
#1408 = DIRECTION('',(0.707106781187,0.707106781187,0.));
#1409 = DIRECTION('',(0.,0.,-1.));
#1410 = ADVANCED_FACE('',(#1411),#1422,.F.);
#1411 = FACE_BOUND('',#1412,.F.);
#1412 = EDGE_LOOP('',(#1413,#1419,#1420,#1421));
#1413 = ORIENTED_EDGE('',*,*,#1414,.F.);
#1414 = EDGE_CURVE('',#1368,#1391,#1415,.T.);
#1415 = LINE('',#1416,#1417);
#1416 = CARTESIAN_POINT('',(64.,28.,0.));
#1417 = VECTOR('',#1418,1.);
#1418 = DIRECTION('',(0.,1.,0.));
#1419 = ORIENTED_EDGE('',*,*,#1367,.T.);
#1420 = ORIENTED_EDGE('',*,*,#185,.T.);
#1421 = ORIENTED_EDGE('',*,*,#1398,.F.);
#1422 = PLANE('',#1423);
#1423 = AXIS2_PLACEMENT_3D('',#1424,#1425,#1426);
#1424 = CARTESIAN_POINT('',(64.,28.,0.));
#1425 = DIRECTION('',(-1.,0.,0.));
#1426 = DIRECTION('',(0.,1.,0.));
#1427 = ADVANCED_FACE('',(#1428),#1447,.F.);
#1428 = FACE_BOUND('',#1429,.F.);
#1429 = EDGE_LOOP('',(#1430,#1438,#1445,#1446));
#1430 = ORIENTED_EDGE('',*,*,#1431,.T.);
#1431 = EDGE_CURVE('',#286,#1432,#1434,.T.);
#1432 = VERTEX_POINT('',#1433);
#1433 = CARTESIAN_POINT('',(-54.,-33.75,5.));
#1434 = LINE('',#1435,#1436);
#1435 = CARTESIAN_POINT('',(-54.,-33.75,7.));
#1436 = VECTOR('',#1437,1.);
#1437 = DIRECTION('',(-0.,-0.,-1.));
#1438 = ORIENTED_EDGE('',*,*,#1439,.T.);
#1439 = EDGE_CURVE('',#1432,#1432,#1440,.T.);
#1440 = CIRCLE('',#1441,2.25);
#1441 = AXIS2_PLACEMENT_3D('',#1442,#1443,#1444);
#1442 = CARTESIAN_POINT('',(-56.25,-33.75,5.));
#1443 = DIRECTION('',(0.,0.,1.));
#1444 = DIRECTION('',(1.,0.,0.));
#1445 = ORIENTED_EDGE('',*,*,#1431,.F.);
#1446 = ORIENTED_EDGE('',*,*,#285,.F.);
#1447 = CYLINDRICAL_SURFACE('',#1448,2.25);
#1448 = AXIS2_PLACEMENT_3D('',#1449,#1450,#1451);
#1449 = CARTESIAN_POINT('',(-56.25,-33.75,7.));
#1450 = DIRECTION('',(0.,0.,1.));
#1451 = DIRECTION('',(1.,0.,0.));
#1452 = ADVANCED_FACE('',(#1453),#1472,.F.);
#1453 = FACE_BOUND('',#1454,.F.);
#1454 = EDGE_LOOP('',(#1455,#1463,#1470,#1471));
#1455 = ORIENTED_EDGE('',*,*,#1456,.T.);
#1456 = EDGE_CURVE('',#297,#1457,#1459,.T.);
#1457 = VERTEX_POINT('',#1458);
#1458 = CARTESIAN_POINT('',(58.5,-33.75,5.));
#1459 = LINE('',#1460,#1461);
#1460 = CARTESIAN_POINT('',(58.5,-33.75,7.));
#1461 = VECTOR('',#1462,1.);
#1462 = DIRECTION('',(-0.,-0.,-1.));
#1463 = ORIENTED_EDGE('',*,*,#1464,.T.);
#1464 = EDGE_CURVE('',#1457,#1457,#1465,.T.);
#1465 = CIRCLE('',#1466,2.25);
#1466 = AXIS2_PLACEMENT_3D('',#1467,#1468,#1469);
#1467 = CARTESIAN_POINT('',(56.25,-33.75,5.));
#1468 = DIRECTION('',(0.,0.,1.));
#1469 = DIRECTION('',(1.,0.,0.));
#1470 = ORIENTED_EDGE('',*,*,#1456,.F.);
#1471 = ORIENTED_EDGE('',*,*,#296,.F.);
#1472 = CYLINDRICAL_SURFACE('',#1473,2.25);
#1473 = AXIS2_PLACEMENT_3D('',#1474,#1475,#1476);
#1474 = CARTESIAN_POINT('',(56.25,-33.75,7.));
#1475 = DIRECTION('',(0.,0.,1.));
#1476 = DIRECTION('',(1.,0.,0.));
#1477 = ADVANCED_FACE('',(#1478),#1497,.F.);
#1478 = FACE_BOUND('',#1479,.F.);
#1479 = EDGE_LOOP('',(#1480,#1488,#1495,#1496));
#1480 = ORIENTED_EDGE('',*,*,#1481,.T.);
#1481 = EDGE_CURVE('',#308,#1482,#1484,.T.);
#1482 = VERTEX_POINT('',#1483);
#1483 = CARTESIAN_POINT('',(-54.,33.75,5.));
#1484 = LINE('',#1485,#1486);
#1485 = CARTESIAN_POINT('',(-54.,33.75,7.));
#1486 = VECTOR('',#1487,1.);
#1487 = DIRECTION('',(-0.,-0.,-1.));
#1488 = ORIENTED_EDGE('',*,*,#1489,.T.);
#1489 = EDGE_CURVE('',#1482,#1482,#1490,.T.);
#1490 = CIRCLE('',#1491,2.25);
#1491 = AXIS2_PLACEMENT_3D('',#1492,#1493,#1494);
#1492 = CARTESIAN_POINT('',(-56.25,33.75,5.));
#1493 = DIRECTION('',(0.,0.,1.));
#1494 = DIRECTION('',(1.,0.,0.));
#1495 = ORIENTED_EDGE('',*,*,#1481,.F.);
#1496 = ORIENTED_EDGE('',*,*,#307,.F.);
#1497 = CYLINDRICAL_SURFACE('',#1498,2.25);
#1498 = AXIS2_PLACEMENT_3D('',#1499,#1500,#1501);
#1499 = CARTESIAN_POINT('',(-56.25,33.75,7.));
#1500 = DIRECTION('',(0.,0.,1.));
#1501 = DIRECTION('',(1.,0.,0.));
#1502 = ADVANCED_FACE('',(#1503),#1529,.F.);
#1503 = FACE_BOUND('',#1504,.T.);
#1504 = EDGE_LOOP('',(#1505,#1513,#1514,#1522));
#1505 = ORIENTED_EDGE('',*,*,#1506,.T.);
#1506 = EDGE_CURVE('',#1507,#319,#1509,.T.);
#1507 = VERTEX_POINT('',#1508);
#1508 = CARTESIAN_POINT('',(-35.5,26.,0.));
#1509 = LINE('',#1510,#1511);
#1510 = CARTESIAN_POINT('',(-35.5,26.,0.));
#1511 = VECTOR('',#1512,1.);
#1512 = DIRECTION('',(0.,0.,1.));
#1513 = ORIENTED_EDGE('',*,*,#318,.T.);
#1514 = ORIENTED_EDGE('',*,*,#1515,.F.);
#1515 = EDGE_CURVE('',#1516,#321,#1518,.T.);
#1516 = VERTEX_POINT('',#1517);
#1517 = CARTESIAN_POINT('',(-37.5,24.,0.));
#1518 = LINE('',#1519,#1520);
#1519 = CARTESIAN_POINT('',(-37.5,24.,0.));
#1520 = VECTOR('',#1521,1.);
#1521 = DIRECTION('',(0.,0.,1.));
#1522 = ORIENTED_EDGE('',*,*,#1523,.F.);
#1523 = EDGE_CURVE('',#1507,#1516,#1524,.T.);
#1524 = CIRCLE('',#1525,2.);
#1525 = AXIS2_PLACEMENT_3D('',#1526,#1527,#1528);
#1526 = CARTESIAN_POINT('',(-35.5,24.,0.));
#1527 = DIRECTION('',(0.,0.,1.));
#1528 = DIRECTION('',(1.,0.,0.));
#1529 = CYLINDRICAL_SURFACE('',#1530,2.);
#1530 = AXIS2_PLACEMENT_3D('',#1531,#1532,#1533);
#1531 = CARTESIAN_POINT('',(-35.5,24.,0.));
#1532 = DIRECTION('',(-0.,-0.,-1.));
#1533 = DIRECTION('',(1.,0.,0.));
#1534 = ADVANCED_FACE('',(#1535),#1553,.F.);
#1535 = FACE_BOUND('',#1536,.F.);
#1536 = EDGE_LOOP('',(#1537,#1538,#1539,#1547));
#1537 = ORIENTED_EDGE('',*,*,#1506,.T.);
#1538 = ORIENTED_EDGE('',*,*,#329,.T.);
#1539 = ORIENTED_EDGE('',*,*,#1540,.F.);
#1540 = EDGE_CURVE('',#1541,#330,#1543,.T.);
#1541 = VERTEX_POINT('',#1542);
#1542 = CARTESIAN_POINT('',(37.5,26.,0.));
#1543 = LINE('',#1544,#1545);
#1544 = CARTESIAN_POINT('',(37.5,26.,0.));
#1545 = VECTOR('',#1546,1.);
#1546 = DIRECTION('',(0.,0.,1.));
#1547 = ORIENTED_EDGE('',*,*,#1548,.F.);
#1548 = EDGE_CURVE('',#1507,#1541,#1549,.T.);
#1549 = LINE('',#1550,#1551);
#1550 = CARTESIAN_POINT('',(-35.5,26.,0.));
#1551 = VECTOR('',#1552,1.);
#1552 = DIRECTION('',(1.,-1.E-16,0.));
#1553 = PLANE('',#1554);
#1554 = AXIS2_PLACEMENT_3D('',#1555,#1556,#1557);
#1555 = CARTESIAN_POINT('',(-35.5,26.,0.));
#1556 = DIRECTION('',(1.E-16,1.,0.));
#1557 = DIRECTION('',(1.,-1.E-16,0.));
#1558 = ADVANCED_FACE('',(#1559),#1577,.T.);
#1559 = FACE_BOUND('',#1560,.T.);
#1560 = EDGE_LOOP('',(#1561,#1562,#1563,#1571));
#1561 = ORIENTED_EDGE('',*,*,#1515,.T.);
#1562 = ORIENTED_EDGE('',*,*,#380,.T.);
#1563 = ORIENTED_EDGE('',*,*,#1564,.F.);
#1564 = EDGE_CURVE('',#1565,#372,#1567,.T.);
#1565 = VERTEX_POINT('',#1566);
#1566 = CARTESIAN_POINT('',(-37.5,-24.,0.));
#1567 = LINE('',#1568,#1569);
#1568 = CARTESIAN_POINT('',(-37.5,-24.,0.));
#1569 = VECTOR('',#1570,1.);
#1570 = DIRECTION('',(0.,0.,1.));
#1571 = ORIENTED_EDGE('',*,*,#1572,.F.);
#1572 = EDGE_CURVE('',#1516,#1565,#1573,.T.);
#1573 = LINE('',#1574,#1575);
#1574 = CARTESIAN_POINT('',(-37.5,24.,0.));
#1575 = VECTOR('',#1576,1.);
#1576 = DIRECTION('',(0.,-1.,0.));
#1577 = PLANE('',#1578);
#1578 = AXIS2_PLACEMENT_3D('',#1579,#1580,#1581);
#1579 = CARTESIAN_POINT('',(-37.5,24.,0.));
#1580 = DIRECTION('',(1.,0.,0.));
#1581 = DIRECTION('',(0.,-1.,0.));
#1582 = ADVANCED_FACE('',(#1583),#1602,.F.);
#1583 = FACE_BOUND('',#1584,.T.);
#1584 = EDGE_LOOP('',(#1585,#1593,#1594,#1595));
#1585 = ORIENTED_EDGE('',*,*,#1586,.T.);
#1586 = EDGE_CURVE('',#1587,#338,#1589,.T.);
#1587 = VERTEX_POINT('',#1588);
#1588 = CARTESIAN_POINT('',(39.5,24.,0.));
#1589 = LINE('',#1590,#1591);
#1590 = CARTESIAN_POINT('',(39.5,24.,0.));
#1591 = VECTOR('',#1592,1.);
#1592 = DIRECTION('',(0.,0.,1.));
#1593 = ORIENTED_EDGE('',*,*,#337,.T.);
#1594 = ORIENTED_EDGE('',*,*,#1540,.F.);
#1595 = ORIENTED_EDGE('',*,*,#1596,.F.);
#1596 = EDGE_CURVE('',#1587,#1541,#1597,.T.);
#1597 = CIRCLE('',#1598,2.);
#1598 = AXIS2_PLACEMENT_3D('',#1599,#1600,#1601);
#1599 = CARTESIAN_POINT('',(37.5,24.,0.));
#1600 = DIRECTION('',(0.,0.,1.));
#1601 = DIRECTION('',(1.,0.,0.));
#1602 = CYLINDRICAL_SURFACE('',#1603,2.);
#1603 = AXIS2_PLACEMENT_3D('',#1604,#1605,#1606);
#1604 = CARTESIAN_POINT('',(37.5,24.,0.));
#1605 = DIRECTION('',(-0.,-0.,-1.));
#1606 = DIRECTION('',(1.,0.,0.));
#1607 = ADVANCED_FACE('',(#1608),#1627,.F.);
#1608 = FACE_BOUND('',#1609,.T.);
#1609 = EDGE_LOOP('',(#1610,#1611,#1612,#1620));
#1610 = ORIENTED_EDGE('',*,*,#1564,.T.);
#1611 = ORIENTED_EDGE('',*,*,#371,.T.);
#1612 = ORIENTED_EDGE('',*,*,#1613,.F.);
#1613 = EDGE_CURVE('',#1614,#364,#1616,.T.);
#1614 = VERTEX_POINT('',#1615);
#1615 = CARTESIAN_POINT('',(-35.5,-26.,0.));
#1616 = LINE('',#1617,#1618);
#1617 = CARTESIAN_POINT('',(-35.5,-26.,0.));
#1618 = VECTOR('',#1619,1.);
#1619 = DIRECTION('',(0.,0.,1.));
#1620 = ORIENTED_EDGE('',*,*,#1621,.F.);
#1621 = EDGE_CURVE('',#1565,#1614,#1622,.T.);
#1622 = CIRCLE('',#1623,2.);
#1623 = AXIS2_PLACEMENT_3D('',#1624,#1625,#1626);
#1624 = CARTESIAN_POINT('',(-35.5,-24.,0.));
#1625 = DIRECTION('',(0.,0.,1.));
#1626 = DIRECTION('',(1.,0.,0.));
#1627 = CYLINDRICAL_SURFACE('',#1628,2.);
#1628 = AXIS2_PLACEMENT_3D('',#1629,#1630,#1631);
#1629 = CARTESIAN_POINT('',(-35.5,-24.,0.));
#1630 = DIRECTION('',(-0.,-0.,-1.));
#1631 = DIRECTION('',(1.,0.,0.));
#1632 = ADVANCED_FACE('',(#1633),#1651,.F.);
#1633 = FACE_BOUND('',#1634,.F.);
#1634 = EDGE_LOOP('',(#1635,#1636,#1637,#1645));
#1635 = ORIENTED_EDGE('',*,*,#1586,.T.);
#1636 = ORIENTED_EDGE('',*,*,#346,.T.);
#1637 = ORIENTED_EDGE('',*,*,#1638,.F.);
#1638 = EDGE_CURVE('',#1639,#347,#1641,.T.);
#1639 = VERTEX_POINT('',#1640);
#1640 = CARTESIAN_POINT('',(39.5,-24.,0.));
#1641 = LINE('',#1642,#1643);
#1642 = CARTESIAN_POINT('',(39.5,-24.,0.));
#1643 = VECTOR('',#1644,1.);
#1644 = DIRECTION('',(0.,0.,1.));
#1645 = ORIENTED_EDGE('',*,*,#1646,.F.);
#1646 = EDGE_CURVE('',#1587,#1639,#1647,.T.);
#1647 = LINE('',#1648,#1649);
#1648 = CARTESIAN_POINT('',(39.5,24.,0.));
#1649 = VECTOR('',#1650,1.);
#1650 = DIRECTION('',(0.,-1.,0.));
#1651 = PLANE('',#1652);
#1652 = AXIS2_PLACEMENT_3D('',#1653,#1654,#1655);
#1653 = CARTESIAN_POINT('',(39.5,24.,0.));
#1654 = DIRECTION('',(1.,0.,0.));
#1655 = DIRECTION('',(0.,-1.,0.));
#1656 = ADVANCED_FACE('',(#1657),#1675,.T.);
#1657 = FACE_BOUND('',#1658,.T.);
#1658 = EDGE_LOOP('',(#1659,#1660,#1661,#1669));
#1659 = ORIENTED_EDGE('',*,*,#1613,.T.);
#1660 = ORIENTED_EDGE('',*,*,#363,.T.);
#1661 = ORIENTED_EDGE('',*,*,#1662,.F.);
#1662 = EDGE_CURVE('',#1663,#355,#1665,.T.);
#1663 = VERTEX_POINT('',#1664);
#1664 = CARTESIAN_POINT('',(37.5,-26.,0.));
#1665 = LINE('',#1666,#1667);
#1666 = CARTESIAN_POINT('',(37.5,-26.,0.));
#1667 = VECTOR('',#1668,1.);
#1668 = DIRECTION('',(0.,0.,1.));
#1669 = ORIENTED_EDGE('',*,*,#1670,.F.);
#1670 = EDGE_CURVE('',#1614,#1663,#1671,.T.);
#1671 = LINE('',#1672,#1673);
#1672 = CARTESIAN_POINT('',(-35.5,-26.,0.));
#1673 = VECTOR('',#1674,1.);
#1674 = DIRECTION('',(1.,-1.5E-16,0.));
#1675 = PLANE('',#1676);
#1676 = AXIS2_PLACEMENT_3D('',#1677,#1678,#1679);
#1677 = CARTESIAN_POINT('',(-35.5,-26.,0.));
#1678 = DIRECTION('',(1.5E-16,1.,0.));
#1679 = DIRECTION('',(1.,-1.5E-16,0.));
#1680 = ADVANCED_FACE('',(#1681),#1693,.F.);
#1681 = FACE_BOUND('',#1682,.T.);
#1682 = EDGE_LOOP('',(#1683,#1684,#1685,#1686));
#1683 = ORIENTED_EDGE('',*,*,#1662,.T.);
#1684 = ORIENTED_EDGE('',*,*,#354,.T.);
#1685 = ORIENTED_EDGE('',*,*,#1638,.F.);
#1686 = ORIENTED_EDGE('',*,*,#1687,.F.);
#1687 = EDGE_CURVE('',#1663,#1639,#1688,.T.);
#1688 = CIRCLE('',#1689,2.);
#1689 = AXIS2_PLACEMENT_3D('',#1690,#1691,#1692);
#1690 = CARTESIAN_POINT('',(37.5,-24.,0.));
#1691 = DIRECTION('',(0.,0.,1.));
#1692 = DIRECTION('',(1.,0.,0.));
#1693 = CYLINDRICAL_SURFACE('',#1694,2.);
#1694 = AXIS2_PLACEMENT_3D('',#1695,#1696,#1697);
#1695 = CARTESIAN_POINT('',(37.5,-24.,0.));
#1696 = DIRECTION('',(-0.,-0.,-1.));
#1697 = DIRECTION('',(1.,0.,0.));
#1698 = ADVANCED_FACE('',(#1699),#1718,.F.);
#1699 = FACE_BOUND('',#1700,.F.);
#1700 = EDGE_LOOP('',(#1701,#1709,#1716,#1717));
#1701 = ORIENTED_EDGE('',*,*,#1702,.T.);
#1702 = EDGE_CURVE('',#389,#1703,#1705,.T.);
#1703 = VERTEX_POINT('',#1704);
#1704 = CARTESIAN_POINT('',(58.5,33.75,5.));
#1705 = LINE('',#1706,#1707);
#1706 = CARTESIAN_POINT('',(58.5,33.75,7.));
#1707 = VECTOR('',#1708,1.);
#1708 = DIRECTION('',(-0.,-0.,-1.));
#1709 = ORIENTED_EDGE('',*,*,#1710,.T.);
#1710 = EDGE_CURVE('',#1703,#1703,#1711,.T.);
#1711 = CIRCLE('',#1712,2.25);
#1712 = AXIS2_PLACEMENT_3D('',#1713,#1714,#1715);
#1713 = CARTESIAN_POINT('',(56.25,33.75,5.));
#1714 = DIRECTION('',(0.,0.,1.));
#1715 = DIRECTION('',(1.,0.,0.));
#1716 = ORIENTED_EDGE('',*,*,#1702,.F.);
#1717 = ORIENTED_EDGE('',*,*,#388,.F.);
#1718 = CYLINDRICAL_SURFACE('',#1719,2.25);
#1719 = AXIS2_PLACEMENT_3D('',#1720,#1721,#1722);
#1720 = CARTESIAN_POINT('',(56.25,33.75,7.));
#1721 = DIRECTION('',(0.,0.,1.));
#1722 = DIRECTION('',(1.,0.,0.));
#1723 = ADVANCED_FACE('',(#1724),#1797,.F.);
#1724 = FACE_BOUND('',#1725,.T.);
#1725 = EDGE_LOOP('',(#1726,#1727,#1742,#1759,#1778,#1786));
#1726 = ORIENTED_EDGE('',*,*,#399,.F.);
#1727 = ORIENTED_EDGE('',*,*,#1728,.T.);
#1728 = EDGE_CURVE('',#400,#1729,#1731,.T.);
#1729 = VERTEX_POINT('',#1730);
#1730 = CARTESIAN_POINT('',(-19.99887948504,-38.04068120484,
    7.000000627777));
#1731 = B_SPLINE_CURVE_WITH_KNOTS('',9,(#1732,#1733,#1734,#1735,#1736,
    #1737,#1738,#1739,#1740,#1741),.UNSPECIFIED.,.F.,.F.,(10,10),(0.,
    0.698126428514),.PIECEWISE_BEZIER_KNOTS.);
#1732 = CARTESIAN_POINT('',(-19.19130237392,-39.41619848709,
    7.411775425896));
#1733 = CARTESIAN_POINT('',(-19.21039082102,-39.534278584,7.38553241849)
  );
#1734 = CARTESIAN_POINT('',(-19.24187303918,-39.57161972392,
    7.345488453973));
#1735 = CARTESIAN_POINT('',(-19.28312700762,-39.54064098268,
    7.289275990291));
#1736 = CARTESIAN_POINT('',(-19.36127273915,-39.45376143615,
    7.224598779117));
#1737 = CARTESIAN_POINT('',(-19.42967297178,-39.32340016012,
    7.140348501283));
#1738 = CARTESIAN_POINT('',(-19.59964428279,-39.16197623046,
    7.041922157637));
#1739 = CARTESIAN_POINT('',(-19.76505711406,-38.98190872299,
    7.011282211109));
#1740 = CARTESIAN_POINT('',(-19.90405676195,-38.79561671356,7.));
#1741 = CARTESIAN_POINT('',(-20.,-38.615519278,7.));
#1742 = ORIENTED_EDGE('',*,*,#1743,.T.);
#1743 = EDGE_CURVE('',#1729,#1744,#1746,.T.);
#1744 = VERTEX_POINT('',#1745);
#1745 = CARTESIAN_POINT('',(-19.17794360146,-37.49979465289,
    7.430593925546));
#1746 = B_SPLINE_CURVE_WITH_KNOTS('',6,(#1747,#1748,#1749,#1750,#1751,
    #1752,#1753,#1754,#1755,#1756,#1757,#1758),.UNSPECIFIED.,.F.,.F.,(7,
    5,7),(0.784820496781,1.422955972361,1.638298587088),.UNSPECIFIED.);
#1747 = CARTESIAN_POINT('',(-19.99887948504,-38.04068120484,
    7.000000627777));
#1748 = CARTESIAN_POINT('',(-19.88068816477,-37.94702641618,
    7.000133063003));
#1749 = CARTESIAN_POINT('',(-19.75526399866,-37.85549274025,
    7.017063415137));
#1750 = CARTESIAN_POINT('',(-19.62553089822,-37.76793266661,
    7.054460519703));
#1751 = CARTESIAN_POINT('',(-19.49120667496,-37.68558579545,
    7.116705007984));
#1752 = CARTESIAN_POINT('',(-19.37014916752,-37.61619169268,
    7.211464064866));
#1753 = CARTESIAN_POINT('',(-19.2446076857,-37.54390848423,
    7.343121563676));
#1754 = CARTESIAN_POINT('',(-19.23053841754,-37.53570392033,
    7.361366678052));
#1755 = CARTESIAN_POINT('',(-19.21692541639,-37.52705572765,
    7.377087150252));
#1756 = CARTESIAN_POINT('',(-19.20400610382,-37.51870133331,
    7.394169179485));
#1757 = CARTESIAN_POINT('',(-19.19089394219,-37.50948283812,
    7.411897408356));
#1758 = CARTESIAN_POINT('',(-19.17794360146,-37.49979465289,
    7.430593925546));
#1759 = ORIENTED_EDGE('',*,*,#1760,.T.);
#1760 = EDGE_CURVE('',#1744,#1761,#1763,.T.);
#1761 = VERTEX_POINT('',#1762);
#1762 = CARTESIAN_POINT('',(-19.,-37.1961524227,8.));
#1763 = B_SPLINE_CURVE_WITH_KNOTS('',7,(#1764,#1765,#1766,#1767,#1768,
    #1769,#1770,#1771,#1772,#1773,#1774,#1775,#1776,#1777),
  .UNSPECIFIED.,.F.,.F.,(8,6,8),(1.63829858709,1.883660158482,
    2.499799688039),.UNSPECIFIED.);
#1764 = CARTESIAN_POINT('',(-19.17794360146,-37.49979465289,
    7.430593925547));
#1765 = CARTESIAN_POINT('',(-19.16529591858,-37.49033288683,
    7.44885349302));
#1766 = CARTESIAN_POINT('',(-19.15274048778,-37.48036531933,
    7.467988129143));
#1767 = CARTESIAN_POINT('',(-19.14050748729,-37.4700240901,
    7.487785795104));
#1768 = CARTESIAN_POINT('',(-19.12868027876,-37.45936481416,7.5081459661
    ));
#1769 = CARTESIAN_POINT('',(-19.11723399668,-37.44835476474,
    7.529134851642));
#1770 = CARTESIAN_POINT('',(-19.10607413797,-37.43686105598,
    7.55104061586));
#1771 = CARTESIAN_POINT('',(-19.06745505431,-37.3939469813,
    7.633159311454));
#1772 = CARTESIAN_POINT('',(-19.04270084876,-37.36063641046,
    7.697525249026));
#1773 = CARTESIAN_POINT('',(-19.02633861345,-37.33026971619,
    7.756890462872));
#1774 = CARTESIAN_POINT('',(-19.01233559442,-37.29719303671,
    7.819336412776));
#1775 = CARTESIAN_POINT('',(-19.0042717574,-37.26457692123,
    7.879645920256));
#1776 = CARTESIAN_POINT('',(-19.,-37.23073287909,7.940104892584));
#1777 = CARTESIAN_POINT('',(-19.,-37.1961524227,8.));
#1778 = ORIENTED_EDGE('',*,*,#1779,.T.);
#1779 = EDGE_CURVE('',#1761,#1780,#1782,.T.);
#1780 = VERTEX_POINT('',#1781);
#1781 = CARTESIAN_POINT('',(-19.,-33.58578643762,8.));
#1782 = LINE('',#1783,#1784);
#1783 = CARTESIAN_POINT('',(-19.,-38.70820393249,8.));
#1784 = VECTOR('',#1785,1.);
#1785 = DIRECTION('',(0.,1.,0.));
#1786 = ORIENTED_EDGE('',*,*,#1787,.F.);
#1787 = EDGE_CURVE('',#402,#1780,#1788,.T.);
#1788 = B_SPLINE_CURVE_WITH_KNOTS('',7,(#1789,#1790,#1791,#1792,#1793,
    #1794,#1795,#1796),.UNSPECIFIED.,.F.,.F.,(8,8),(0.795180775004,
    1.910098894519),.PIECEWISE_BEZIER_KNOTS.);
#1789 = CARTESIAN_POINT('',(-20.,-32.96051607462,7.));
#1790 = CARTESIAN_POINT('',(-19.82612507783,-33.0985206918,7.));
#1791 = CARTESIAN_POINT('',(-19.637536983,-33.2318146691,7.035126257646)
  );
#1792 = CARTESIAN_POINT('',(-19.44225300649,-33.35532126772,
    7.117065149448));
#1793 = CARTESIAN_POINT('',(-19.24227032963,-33.46539938171,
    7.253669752683));
#1794 = CARTESIAN_POINT('',(-19.07956976181,-33.54583429646,
    7.476188576396));
#1795 = CARTESIAN_POINT('',(-19.,-33.58578643762,7.738038803783));
#1796 = CARTESIAN_POINT('',(-19.,-33.58578643762,8.));
#1797 = CYLINDRICAL_SURFACE('',#1798,1.);
#1798 = AXIS2_PLACEMENT_3D('',#1799,#1800,#1801);
#1799 = CARTESIAN_POINT('',(-20.,-38.70820393249,8.));
#1800 = DIRECTION('',(0.,1.,0.));
#1801 = DIRECTION('',(0.,0.,-1.));
#1802 = ADVANCED_FACE('',(#1803),#1812,.F.);
#1803 = FACE_BOUND('',#1804,.F.);
#1804 = EDGE_LOOP('',(#1805,#1810,#1811));
#1805 = ORIENTED_EDGE('',*,*,#1806,.T.);
#1806 = EDGE_CURVE('',#1729,#449,#1807,.T.);
#1807 = B_SPLINE_CURVE_WITH_KNOTS('',1,(#1808,#1809),.UNSPECIFIED.,.F.,
  .F.,(2,2),(0.,0.853478090308),.PIECEWISE_BEZIER_KNOTS.);
#1808 = CARTESIAN_POINT('',(-19.99887948504,-38.04068120484,
    7.000000627777));
#1809 = CARTESIAN_POINT('',(-18.62518898108,-39.41619848709,7.));
#1810 = ORIENTED_EDGE('',*,*,#456,.T.);
#1811 = ORIENTED_EDGE('',*,*,#1728,.T.);
#1812 = B_SPLINE_SURFACE_WITH_KNOTS('',8,8,(
    (#1813,#1814,#1815,#1816,#1817,#1818,#1819,#1820,#1821)
    ,(#1822,#1823,#1824,#1825,#1826,#1827,#1828,#1829,#1830)
    ,(#1831,#1832,#1833,#1834,#1835,#1836,#1837,#1838,#1839)
    ,(#1840,#1841,#1842,#1843,#1844,#1845,#1846,#1847,#1848)
    ,(#1849,#1850,#1851,#1852,#1853,#1854,#1855,#1856,#1857)
    ,(#1858,#1859,#1860,#1861,#1862,#1863,#1864,#1865,#1866)
    ,(#1867,#1868,#1869,#1870,#1871,#1872,#1873,#1874,#1875)
    ,(#1876,#1877,#1878,#1879,#1880,#1881,#1882,#1883,#1884)
    ,(#1885,#1886,#1887,#1888,#1889,#1890,#1891,#1892,#1893
  )),.UNSPECIFIED.,.F.,.F.,.F.,(9,9),(9,9),(-0.942002345236,
    1.184214322778),(-0.329491361376,0.422023719467),
  .PIECEWISE_BEZIER_KNOTS.);
#1813 = CARTESIAN_POINT('',(-18.98601437263,-39.68990269116,
    7.585866730565));
#1814 = CARTESIAN_POINT('',(-18.9532511591,-39.71142410325,
    7.448462117947));
#1815 = CARTESIAN_POINT('',(-18.92452217767,-39.73962827038,
    7.292045546306));
#1816 = CARTESIAN_POINT('',(-18.81350147941,-39.64405718834,
    7.169707748367));
#1817 = CARTESIAN_POINT('',(-18.88839891524,-39.80507842413,
    7.044497334766));
#1818 = CARTESIAN_POINT('',(-18.68598713391,-39.54338681786,
    6.987076191354));
#1819 = CARTESIAN_POINT('',(-18.66827360376,-39.55901649772,
    7.020838837487));
#1820 = CARTESIAN_POINT('',(-18.61495882062,-39.52464218873,
    6.99671662428));
#1821 = CARTESIAN_POINT('',(-18.53817949395,-39.46048043301,
    7.000409724689));
#1822 = CARTESIAN_POINT('',(-19.19512573139,-39.57946399115,
    7.415500575333));
#1823 = CARTESIAN_POINT('',(-19.16947155145,-39.60542021679,
    7.249686031674));
#1824 = CARTESIAN_POINT('',(-19.14676177302,-39.63765124357,
    7.093746957002));
#1825 = CARTESIAN_POINT('',(-18.99691558625,-39.4780289338,
    7.011601596237));
#1826 = CARTESIAN_POINT('',(-19.12386137171,-39.71446734673,
    6.927983368807));
#1827 = CARTESIAN_POINT('',(-18.87273777631,-39.3731984502,
    6.891158928069));
#1828 = CARTESIAN_POINT('',(-18.85758259672,-39.38846306234,
    7.002149026034));
#1829 = CARTESIAN_POINT('',(-18.79538443439,-39.33775001205,
    6.992890567729));
#1830 = CARTESIAN_POINT('',(-18.71247023425,-39.26243447057,
    7.000663320794));
#1831 = CARTESIAN_POINT('',(-19.39019642217,-39.4436428122,
    7.291581167186));
#1832 = CARTESIAN_POINT('',(-19.37232247768,-39.47784508871,
    7.103874066958));
#1833 = CARTESIAN_POINT('',(-19.3547397531,-39.54585690618,
    6.944184255812));
#1834 = CARTESIAN_POINT('',(-19.23445709952,-39.3107667593,
    6.854355557953));
#1835 = CARTESIAN_POINT('',(-19.23059511332,-39.4749063078,
    6.990225731627));
#1836 = CARTESIAN_POINT('',(-19.1210852988,-39.26655818352,
    6.755026901813));
#1837 = CARTESIAN_POINT('',(-19.04160254531,-39.21109528226,
    7.096852565026));
#1838 = CARTESIAN_POINT('',(-18.97121335802,-39.13550491344,
    7.008030857895));
#1839 = CARTESIAN_POINT('',(-18.88323111346,-39.05460117734,
    7.001775936052));
#1840 = CARTESIAN_POINT('',(-19.59645179091,-39.31018841087,
    7.133168450798));
#1841 = CARTESIAN_POINT('',(-19.59395326279,-39.34251469746,
    6.897047320708));
#1842 = CARTESIAN_POINT('',(-19.49504517487,-39.09488831758,
    6.797865522209));
#1843 = CARTESIAN_POINT('',(-19.25283271182,-39.07017367678,
    7.454831507078));
#1844 = CARTESIAN_POINT('',(-19.49578864868,-39.31411289303,
    6.199345875775));
#1845 = CARTESIAN_POINT('',(-19.22429377586,-38.96920196305,
    7.551446379841));
#1846 = CARTESIAN_POINT('',(-19.23428853251,-39.05107328228,
    6.816707998392));
#1847 = CARTESIAN_POINT('',(-19.12479008781,-38.93201805798,
    6.998971698231));
#1848 = CARTESIAN_POINT('',(-19.04194488384,-38.84779180205,
    6.993161703552));
#1849 = CARTESIAN_POINT('',(-19.65644569943,-38.91573048079,
    7.352761434714));
#1850 = CARTESIAN_POINT('',(-19.61532969032,-38.88651680745,
    7.247470797788));
#1851 = CARTESIAN_POINT('',(-19.55744677848,-39.07057659623,
    7.336316150204));
#1852 = CARTESIAN_POINT('',(-19.95048753071,-39.37491997068,
    5.872651912314));
#1853 = CARTESIAN_POINT('',(-19.34302646067,-38.55406878011,
    7.87030627478));
#1854 = CARTESIAN_POINT('',(-19.54605299461,-39.09029210548,
    6.297971489055));
#1855 = CARTESIAN_POINT('',(-19.33786586885,-38.69929317971,
    7.239980154599));
#1856 = CARTESIAN_POINT('',(-19.27737374247,-38.68287730967,
    7.040142048258));
#1857 = CARTESIAN_POINT('',(-19.18762575103,-38.60454562944,
    6.989118041832));
#1858 = CARTESIAN_POINT('',(-19.92478519526,-38.90697474683,
    7.05527474031));
#1859 = CARTESIAN_POINT('',(-19.97932169258,-39.00014542479,
    6.722864984661));
#1860 = CARTESIAN_POINT('',(-20.06929737784,-38.96239397441,
    6.287104741918));
#1861 = CARTESIAN_POINT('',(-19.63562236747,-38.53918924627,
    7.46510288209));
#1862 = CARTESIAN_POINT('',(-19.79032514913,-38.99566645593,
    6.368213414755));
#1863 = CARTESIAN_POINT('',(-19.63249776831,-38.51716748199,
    7.435614577719));
#1864 = CARTESIAN_POINT('',(-19.52713061036,-38.59300684342,
    6.917962029777));
#1865 = CARTESIAN_POINT('',(-19.43275255907,-38.47155282506,
    6.996360245055));
#1866 = CARTESIAN_POINT('',(-19.34822758997,-38.39353807417,
    6.943447759015));
#1867 = CARTESIAN_POINT('',(-20.00304463817,-38.57947993844,
    7.242127785832));
#1868 = CARTESIAN_POINT('',(-20.00866180775,-38.59745560036,
    7.043604970742));
#1869 = CARTESIAN_POINT('',(-19.95494114457,-38.58555731696,
    7.052209026533));
#1870 = CARTESIAN_POINT('',(-20.05209155689,-38.71529084919,
    6.637284762106));
#1871 = CARTESIAN_POINT('',(-19.88453890834,-38.4481495455,
    7.138441384807));
#1872 = CARTESIAN_POINT('',(-19.71248981806,-38.39888443661,
    6.969224811901));
#1873 = CARTESIAN_POINT('',(-19.67639358007,-38.3156033905,
    7.016993435426));
#1874 = CARTESIAN_POINT('',(-19.57987534418,-38.23750014125,
    7.006921167799));
#1875 = CARTESIAN_POINT('',(-19.49958181932,-38.16631506702,
    6.930530587338));
#1876 = CARTESIAN_POINT('',(-20.14299606696,-38.37140849815,
    7.284059872769));
#1877 = CARTESIAN_POINT('',(-20.15925016143,-38.40146695127,
    7.081254522929));
#1878 = CARTESIAN_POINT('',(-20.1436703644,-38.38924153486,
    6.959800354597));
#1879 = CARTESIAN_POINT('',(-20.14103549102,-38.40847146622,
    7.005697621077));
#1880 = CARTESIAN_POINT('',(-20.0049715374,-38.23072931388,
    6.829737668402));
#1881 = CARTESIAN_POINT('',(-19.93796437864,-38.21260980969,
    7.11026785608));
#1882 = CARTESIAN_POINT('',(-19.83234725473,-38.10424847934,
    7.02051651938));
#1883 = CARTESIAN_POINT('',(-19.74759875421,-38.02799940505,
    6.996230487651));
#1884 = CARTESIAN_POINT('',(-19.6668370298,-37.9553487254,6.907043247535
    ));
#1885 = CARTESIAN_POINT('',(-20.26748848054,-38.13700417328,
    7.358953776495));
#1886 = CARTESIAN_POINT('',(-20.28058601744,-38.15708343963,
    7.188334359532));
#1887 = CARTESIAN_POINT('',(-20.26951492467,-38.14616483453,
    7.069703005682));
#1888 = CARTESIAN_POINT('',(-20.25879815143,-38.14755899474,
    7.069355773798));
#1889 = CARTESIAN_POINT('',(-20.15589479147,-38.01471416929,
    6.901149524554));
#1890 = CARTESIAN_POINT('',(-20.09830862123,-37.9915488275,
    7.072881363159));
#1891 = CARTESIAN_POINT('',(-20.0003320505,-37.89644987804,
    7.003038725238));
#1892 = CARTESIAN_POINT('',(-19.91804979247,-37.82148551346,
    6.95581019545));
#1893 = CARTESIAN_POINT('',(-19.83616474588,-37.74562189034,
    6.867775452725));
#1894 = ADVANCED_FACE('',(#1895),#1917,.F.);
#1895 = FACE_BOUND('',#1896,.F.);
#1896 = EDGE_LOOP('',(#1897,#1898,#1911,#1916));
#1897 = ORIENTED_EDGE('',*,*,#409,.T.);
#1898 = ORIENTED_EDGE('',*,*,#1899,.T.);
#1899 = EDGE_CURVE('',#410,#1900,#1902,.T.);
#1900 = VERTEX_POINT('',#1901);
#1901 = CARTESIAN_POINT('',(-18.,-32.58578643762,8.));
#1902 = B_SPLINE_CURVE_WITH_KNOTS('',7,(#1903,#1904,#1905,#1906,#1907,
    #1908,#1909,#1910),.UNSPECIFIED.,.F.,.F.,(8,8),(0.795180775004,
    1.910098894519),.PIECEWISE_BEZIER_KNOTS.);
#1903 = CARTESIAN_POINT('',(-18.625270363,-31.58578643762,7.));
#1904 = CARTESIAN_POINT('',(-18.48726574582,-31.75966135978,7.));
#1905 = CARTESIAN_POINT('',(-18.35397176852,-31.94824945462,
    7.035126257646));
#1906 = CARTESIAN_POINT('',(-18.2304651699,-32.14353343113,
    7.117065149449));
#1907 = CARTESIAN_POINT('',(-18.12038705591,-32.34351610798,
    7.253669752683));
#1908 = CARTESIAN_POINT('',(-18.03995214116,-32.5062166758,
    7.476188576396));
#1909 = CARTESIAN_POINT('',(-18.,-32.58578643762,7.738038803783));
#1910 = CARTESIAN_POINT('',(-18.,-32.58578643762,8.));
#1911 = ORIENTED_EDGE('',*,*,#1912,.F.);
#1912 = EDGE_CURVE('',#1780,#1900,#1913,.T.);
#1913 = B_SPLINE_CURVE_WITH_KNOTS('',1,(#1914,#1915),.UNSPECIFIED.,.F.,
  .F.,(2,2),(0.,1.114918119515),.PIECEWISE_BEZIER_KNOTS.);
#1914 = CARTESIAN_POINT('',(-19.,-33.58578643762,8.));
#1915 = CARTESIAN_POINT('',(-18.,-32.58578643762,8.));
#1916 = ORIENTED_EDGE('',*,*,#1787,.F.);
#1917 = B_SPLINE_SURFACE_WITH_KNOTS('',1,7,(
    (#1918,#1919,#1920,#1921,#1922,#1923,#1924,#1925)
    ,(#1926,#1927,#1928,#1929,#1930,#1931,#1932,#1933
  )),.UNSPECIFIED.,.F.,.F.,.F.,(2,2),(8,8),(0.,1.114918119515),(
    0.795180775004,1.910098894519),.PIECEWISE_BEZIER_KNOTS.);
#1918 = CARTESIAN_POINT('',(-20.,-32.96051607462,7.));
#1919 = CARTESIAN_POINT('',(-19.82612507783,-33.0985206918,7.));
#1920 = CARTESIAN_POINT('',(-19.637536983,-33.2318146691,7.035126257646)
  );
#1921 = CARTESIAN_POINT('',(-19.44225300649,-33.35532126772,
    7.117065149448));
#1922 = CARTESIAN_POINT('',(-19.24227032963,-33.46539938171,
    7.253669752683));
#1923 = CARTESIAN_POINT('',(-19.07956976181,-33.54583429646,
    7.476188576396));
#1924 = CARTESIAN_POINT('',(-19.,-33.58578643762,7.738038803783));
#1925 = CARTESIAN_POINT('',(-19.,-33.58578643762,8.));
#1926 = CARTESIAN_POINT('',(-18.625270363,-31.58578643762,7.));
#1927 = CARTESIAN_POINT('',(-18.48726574582,-31.75966135978,7.));
#1928 = CARTESIAN_POINT('',(-18.35397176852,-31.94824945462,
    7.035126257646));
#1929 = CARTESIAN_POINT('',(-18.2304651699,-32.14353343113,
    7.117065149449));
#1930 = CARTESIAN_POINT('',(-18.12038705591,-32.34351610798,
    7.253669752683));
#1931 = CARTESIAN_POINT('',(-18.03995214116,-32.5062166758,
    7.476188576396));
#1932 = CARTESIAN_POINT('',(-18.,-32.58578643762,7.738038803783));
#1933 = CARTESIAN_POINT('',(-18.,-32.58578643762,8.));
#1934 = ADVANCED_FACE('',(#1935),#1978,.F.);
#1935 = FACE_BOUND('',#1936,.F.);
#1936 = EDGE_LOOP('',(#1937,#1938,#1955,#1963));
#1937 = ORIENTED_EDGE('',*,*,#448,.F.);
#1938 = ORIENTED_EDGE('',*,*,#1939,.T.);
#1939 = EDGE_CURVE('',#449,#1940,#1942,.T.);
#1940 = VERTEX_POINT('',#1941);
#1941 = CARTESIAN_POINT('',(-18.03838609945,-38.4891736762,7.625));
#1942 = B_SPLINE_CURVE_WITH_KNOTS('',6,(#1943,#1944,#1945,#1946,#1947,
    #1948,#1949,#1950,#1951,#1952,#1953,#1954),.UNSPECIFIED.,.F.,.F.,(7,
    5,7),(0.784820496781,1.422955972361,1.638298587088),.UNSPECIFIED.);
#1943 = CARTESIAN_POINT('',(-18.62518898108,-39.41619848709,7.));
#1944 = CARTESIAN_POINT('',(-18.53199563523,-39.29886539976,7.));
#1945 = CARTESIAN_POINT('',(-18.44109313329,-39.17491449615,
    7.016441056496));
#1946 = CARTESIAN_POINT('',(-18.35424769512,-39.04664695855,
    7.053328724822));
#1947 = CARTESIAN_POINT('',(-18.27198558146,-38.91537491775,
    7.112869608402));
#1948 = CARTESIAN_POINT('',(-18.19786687509,-38.78717735574,
    7.205489203578));
#1949 = CARTESIAN_POINT('',(-18.116566787,-38.63946458957,7.367742585846
    ));
#1950 = CARTESIAN_POINT('',(-18.09594887801,-38.60125046011,
    7.415212072829));
#1951 = CARTESIAN_POINT('',(-18.07861320334,-38.56788265119,
    7.464679894781));
#1952 = CARTESIAN_POINT('',(-18.0631208667,-38.53783965844,
    7.516110087191));
#1953 = CARTESIAN_POINT('',(-18.04975797369,-38.51163256893,
    7.569480131255));
#1954 = CARTESIAN_POINT('',(-18.03838609945,-38.4891736762,7.625));
#1955 = ORIENTED_EDGE('',*,*,#1956,.T.);
#1956 = EDGE_CURVE('',#1940,#1957,#1959,.T.);
#1957 = VERTEX_POINT('',#1958);
#1958 = CARTESIAN_POINT('',(18.038386093949,-38.4891736762,7.625));
#1959 = LINE('',#1960,#1961);
#1960 = CARTESIAN_POINT('',(-19.,-38.4891736762,7.625));
#1961 = VECTOR('',#1962,1.);
#1962 = DIRECTION('',(1.,0.,0.));
#1963 = ORIENTED_EDGE('',*,*,#1964,.F.);
#1964 = EDGE_CURVE('',#440,#1957,#1965,.T.);
#1965 = B_SPLINE_CURVE_WITH_KNOTS('',6,(#1966,#1967,#1968,#1969,#1970,
    #1971,#1972,#1973,#1974,#1975,#1976,#1977),.UNSPECIFIED.,.F.,.F.,(7,
    5,7),(0.784787004174,1.422895072441,1.638235165694),.UNSPECIFIED.);
#1966 = CARTESIAN_POINT('',(18.625188969277,-39.41619848709,7.));
#1967 = CARTESIAN_POINT('',(18.531995696517,-39.29886550569,7.));
#1968 = CARTESIAN_POINT('',(18.441093281781,-39.17491476797,
    7.016440963628));
#1969 = CARTESIAN_POINT('',(18.354248061618,-39.04664752527,
    7.053328819344));
#1970 = CARTESIAN_POINT('',(18.271985938525,-38.91537585187,
    7.112868805271));
#1971 = CARTESIAN_POINT('',(18.197866901688,-38.78717743141,
    7.205489090322));
#1972 = CARTESIAN_POINT('',(18.116566075896,-38.63946328834,
    7.367744025334));
#1973 = CARTESIAN_POINT('',(18.095947251826,-38.60124746706,
    7.415215743185));
#1974 = CARTESIAN_POINT('',(18.078611325545,-38.5678790505,
    7.464685380048));
#1975 = CARTESIAN_POINT('',(18.063119272747,-38.53783658309,
    7.516115986683));
#1976 = CARTESIAN_POINT('',(18.049757121964,-38.51163091367,
    7.569484223172));
#1977 = CARTESIAN_POINT('',(18.038386093949,-38.4891736762,7.625));
#1978 = CYLINDRICAL_SURFACE('',#1979,1.);
#1979 = AXIS2_PLACEMENT_3D('',#1980,#1981,#1982);
#1980 = CARTESIAN_POINT('',(-19.,-39.41619848709,8.));
#1981 = DIRECTION('',(1.,0.,0.));
#1982 = DIRECTION('',(0.,0.,-1.));
#1983 = ADVANCED_FACE('',(#1984),#2025,.F.);
#1984 = FACE_BOUND('',#1985,.F.);
#1985 = EDGE_LOOP('',(#1986,#1987,#2000,#2009,#2017,#2024));
#1986 = ORIENTED_EDGE('',*,*,#416,.F.);
#1987 = ORIENTED_EDGE('',*,*,#1988,.T.);
#1988 = EDGE_CURVE('',#417,#1989,#1991,.T.);
#1989 = VERTEX_POINT('',#1990);
#1990 = CARTESIAN_POINT('',(18.,-32.58578643762,8.));
#1991 = B_SPLINE_CURVE_WITH_KNOTS('',7,(#1992,#1993,#1994,#1995,#1996,
    #1997,#1998,#1999),.UNSPECIFIED.,.F.,.F.,(8,8),(0.795180775004,
    1.910098894519),.PIECEWISE_BEZIER_KNOTS.);
#1992 = CARTESIAN_POINT('',(18.625270363001,-31.58578643762,7.));
#1993 = CARTESIAN_POINT('',(18.487265745827,-31.75966135978,7.));
#1994 = CARTESIAN_POINT('',(18.353971768522,-31.94824945462,
    7.035126257646));
#1995 = CARTESIAN_POINT('',(18.230465169902,-32.14353343113,
    7.117065149449));
#1996 = CARTESIAN_POINT('',(18.120387055914,-32.34351610798,
    7.253669752683));
#1997 = CARTESIAN_POINT('',(18.039952141161,-32.50621667581,
    7.476188576396));
#1998 = CARTESIAN_POINT('',(18.,-32.58578643762,7.738038803783));
#1999 = CARTESIAN_POINT('',(18.,-32.58578643762,8.));
#2000 = ORIENTED_EDGE('',*,*,#2001,.T.);
#2001 = EDGE_CURVE('',#1989,#2002,#2004,.T.);
#2002 = VERTEX_POINT('',#2003);
#2003 = CARTESIAN_POINT('',(18.,-32.29289321881,8.707106781187));
#2004 = CIRCLE('',#2005,1.);
#2005 = AXIS2_PLACEMENT_3D('',#2006,#2007,#2008);
#2006 = CARTESIAN_POINT('',(18.,-31.58578643762,8.));
#2007 = DIRECTION('',(-1.,0.,0.));
#2008 = DIRECTION('',(0.,-1.,0.));
#2009 = ORIENTED_EDGE('',*,*,#2010,.T.);
#2010 = EDGE_CURVE('',#2002,#2011,#2013,.T.);
#2011 = VERTEX_POINT('',#2012);
#2012 = CARTESIAN_POINT('',(-18.,-32.29289321881,8.707106781187));
#2013 = LINE('',#2014,#2015);
#2014 = CARTESIAN_POINT('',(19.,-32.29289321881,8.707106781187));
#2015 = VECTOR('',#2016,1.);
#2016 = DIRECTION('',(-1.,0.,0.));
#2017 = ORIENTED_EDGE('',*,*,#2018,.F.);
#2018 = EDGE_CURVE('',#1900,#2011,#2019,.T.);
#2019 = CIRCLE('',#2020,1.);
#2020 = AXIS2_PLACEMENT_3D('',#2021,#2022,#2023);
#2021 = CARTESIAN_POINT('',(-18.,-31.58578643762,8.));
#2022 = DIRECTION('',(-1.,0.,0.));
#2023 = DIRECTION('',(0.,-1.,0.));
#2024 = ORIENTED_EDGE('',*,*,#1899,.F.);
#2025 = CYLINDRICAL_SURFACE('',#2026,1.);
#2026 = AXIS2_PLACEMENT_3D('',#2027,#2028,#2029);
#2027 = CARTESIAN_POINT('',(19.,-31.58578643762,8.));
#2028 = DIRECTION('',(-1.,0.,0.));
#2029 = DIRECTION('',(0.,0.,-1.));
#2030 = ADVANCED_FACE('',(#2031),#2054,.F.);
#2031 = FACE_BOUND('',#2032,.F.);
#2032 = EDGE_LOOP('',(#2033,#2040,#2053));
#2033 = ORIENTED_EDGE('',*,*,#2034,.F.);
#2034 = EDGE_CURVE('',#2035,#440,#2037,.T.);
#2035 = VERTEX_POINT('',#2036);
#2036 = CARTESIAN_POINT('',(19.998879402697,-38.04068114109,
    7.000000627869));
#2037 = B_SPLINE_CURVE_WITH_KNOTS('',1,(#2038,#2039),.UNSPECIFIED.,.F.,
  .F.,(2,2),(0.,0.85344816152),.PIECEWISE_BEZIER_KNOTS.);
#2038 = CARTESIAN_POINT('',(19.998879402697,-38.04068114109,
    7.000000627869));
#2039 = CARTESIAN_POINT('',(18.625188969277,-39.41619848709,7.));
#2040 = ORIENTED_EDGE('',*,*,#2041,.F.);
#2041 = EDGE_CURVE('',#432,#2035,#2042,.T.);
#2042 = B_SPLINE_CURVE_WITH_KNOTS('',9,(#2043,#2044,#2045,#2046,#2047,
    #2048,#2049,#2050,#2051,#2052),.UNSPECIFIED.,.F.,.F.,(10,10),(0.,
    0.698126474928),.PIECEWISE_BEZIER_KNOTS.);
#2043 = CARTESIAN_POINT('',(19.191302371521,-39.41619848709,7.4117754292
    ));
#2044 = CARTESIAN_POINT('',(19.210390820909,-39.53427858615,
    7.385532418423));
#2045 = CARTESIAN_POINT('',(19.241873042473,-39.5716197163,
    7.345488449673));
#2046 = CARTESIAN_POINT('',(19.283127016885,-39.54064095625,
    7.289275976958));
#2047 = CARTESIAN_POINT('',(19.361272756125,-39.4537613847,
    7.224598767918));
#2048 = CARTESIAN_POINT('',(19.429672996904,-39.32340008039,
    7.140348467738));
#2049 = CARTESIAN_POINT('',(19.599644337967,-39.16197612198,
    7.041922138131));
#2050 = CARTESIAN_POINT('',(19.76505715872,-38.98190858821,
    7.011282205418));
#2051 = CARTESIAN_POINT('',(19.90405678951,-38.79561655778,7.));
#2052 = CARTESIAN_POINT('',(20.,-38.61551910939,7.));
#2053 = ORIENTED_EDGE('',*,*,#439,.F.);
#2054 = B_SPLINE_SURFACE_WITH_KNOTS('',8,8,(
    (#2055,#2056,#2057,#2058,#2059,#2060,#2061,#2062,#2063)
    ,(#2064,#2065,#2066,#2067,#2068,#2069,#2070,#2071,#2072)
    ,(#2073,#2074,#2075,#2076,#2077,#2078,#2079,#2080,#2081)
    ,(#2082,#2083,#2084,#2085,#2086,#2087,#2088,#2089,#2090)
    ,(#2091,#2092,#2093,#2094,#2095,#2096,#2097,#2098,#2099)
    ,(#2100,#2101,#2102,#2103,#2104,#2105,#2106,#2107,#2108)
    ,(#2109,#2110,#2111,#2112,#2113,#2114,#2115,#2116,#2117)
    ,(#2118,#2119,#2120,#2121,#2122,#2123,#2124,#2125,#2126)
    ,(#2127,#2128,#2129,#2130,#2131,#2132,#2133,#2134,#2135
  )),.UNSPECIFIED.,.F.,.F.,.F.,(9,9),(9,9),(-0.942002359821,
    1.184214302735),(-0.422023717864,0.329491374885),
  .PIECEWISE_BEZIER_KNOTS.);
#2055 = CARTESIAN_POINT('',(18.538179487689,-39.46048044041,
    7.00040972246));
#2056 = CARTESIAN_POINT('',(18.614958810857,-39.52464218627,
    6.996716628611));
#2057 = CARTESIAN_POINT('',(18.668273592045,-39.55901649186,
    7.020838833181));
#2058 = CARTESIAN_POINT('',(18.685987145922,-39.54338683013,
    6.987076194402));
#2059 = CARTESIAN_POINT('',(18.888398922595,-39.80507841208,
    7.044497333748));
#2060 = CARTESIAN_POINT('',(18.813501477297,-39.64405719394,
    7.169707748401));
#2061 = CARTESIAN_POINT('',(18.924522175532,-39.73962824931,
    7.292045591839));
#2062 = CARTESIAN_POINT('',(18.95325115553,-39.71142408931,
    7.448462169084));
#2063 = CARTESIAN_POINT('',(18.986014379564,-39.68990270177,
    7.585866741772));
#2064 = CARTESIAN_POINT('',(18.71247021466,-39.26243446779,
    7.000663323554));
#2065 = CARTESIAN_POINT('',(18.795384414712,-39.33775000171,
    6.992890567988));
#2066 = CARTESIAN_POINT('',(18.857582573862,-39.3884630462,
    7.002149016817));
#2067 = CARTESIAN_POINT('',(18.872737785951,-39.37319845754,6.8911589403
    ));
#2068 = CARTESIAN_POINT('',(19.123861366163,-39.71446731127,
    6.927983377306));
#2069 = CARTESIAN_POINT('',(18.996915573899,-39.47802893525,
    7.011601594413));
#2070 = CARTESIAN_POINT('',(19.146761762094,-39.63765119954,
    7.093747017298));
#2071 = CARTESIAN_POINT('',(19.169471542155,-39.60542018606,
    7.249686079647));
#2072 = CARTESIAN_POINT('',(19.195125740627,-39.57946399697,
    7.415500542763));
#2073 = CARTESIAN_POINT('',(18.883231084642,-39.05460116829,
    7.001775933045));
#2074 = CARTESIAN_POINT('',(18.971213332224,-39.13550489875,
    7.008030850699));
#2075 = CARTESIAN_POINT('',(19.041602528649,-39.21109526304,
    7.096852517665));
#2076 = CARTESIAN_POINT('',(19.121085276287,-39.26655818447,
    6.755027078024));
#2077 = CARTESIAN_POINT('',(19.230595105041,-39.47490621407,
    6.990225420261));
#2078 = CARTESIAN_POINT('',(19.234457095797,-39.31076683371,
    6.854355842719));
#2079 = CARTESIAN_POINT('',(19.354739785935,-39.54585685396,
    6.944184052861));
#2080 = CARTESIAN_POINT('',(19.372322458415,-39.47784503692,
    7.103874095319));
#2081 = CARTESIAN_POINT('',(19.390196418299,-39.44364279793,
    7.291581138168));
#2082 = CARTESIAN_POINT('',(19.041944841367,-38.84779178279,
    6.99316171015));
#2083 = CARTESIAN_POINT('',(19.1247900463,-38.9320180301,6.998971714689)
  );
#2084 = CARTESIAN_POINT('',(19.23428849768,-39.05107326603,
    6.816708143693));
#2085 = CARTESIAN_POINT('',(19.224293749861,-38.96920187971,
    7.55144572104));
#2086 = CARTESIAN_POINT('',(19.495788759363,-39.31411310981,
    6.199346948931));
#2087 = CARTESIAN_POINT('',(19.252832513628,-39.0701734089,
    7.454830153578));
#2088 = CARTESIAN_POINT('',(19.495044994303,-39.09488824502,
    6.797866689668));
#2089 = CARTESIAN_POINT('',(19.593953264193,-39.34251464682,
    6.897047460016));
#2090 = CARTESIAN_POINT('',(19.596451803889,-39.3101883878,
    7.133168462759));
#2091 = CARTESIAN_POINT('',(19.187625706656,-38.60454560744,
    6.989118033487));
#2092 = CARTESIAN_POINT('',(19.277373702769,-38.68287727907,
    7.040142034453));
#2093 = CARTESIAN_POINT('',(19.337865838049,-38.69929314067,
    7.239979948559));
#2094 = CARTESIAN_POINT('',(19.546053031122,-39.09029215196,
    6.297972501367));
#2095 = CARTESIAN_POINT('',(19.343026153317,-38.5540684436,
    7.870304342933));
#2096 = CARTESIAN_POINT('',(19.950487922236,-39.37492022536,5.8726541835
    ));
#2097 = CARTESIAN_POINT('',(19.557447100364,-39.07057670589,
    7.336313667286));
#2098 = CARTESIAN_POINT('',(19.615329619371,-38.88651680406,
    7.247470569618));
#2099 = CARTESIAN_POINT('',(19.656445615195,-38.91573047474,
    7.352761403483));
#2100 = CARTESIAN_POINT('',(19.348227545152,-38.3935380636,
    6.943447772016));
#2101 = CARTESIAN_POINT('',(19.432752518408,-38.4715528102,
    6.996360254704));
#2102 = CARTESIAN_POINT('',(19.527130494436,-38.59300678845,
    6.917962273854));
#2103 = CARTESIAN_POINT('',(19.632497957629,-38.51716752863,
    7.435613187895));
#2104 = CARTESIAN_POINT('',(19.790324789688,-38.99566637214,
    6.368216114162));
#2105 = CARTESIAN_POINT('',(19.635622312399,-38.53918900149,
    7.46510034606));
#2106 = CARTESIAN_POINT('',(20.069297033231,-38.96239372795,
    6.28710724214));
#2107 = CARTESIAN_POINT('',(19.979321638655,-39.0001453236,
    6.722865419931));
#2108 = CARTESIAN_POINT('',(19.924785188073,-38.90697470504,
    7.05527486312));
#2109 = CARTESIAN_POINT('',(19.499581762689,-38.16631504733,
    6.930530635973));
#2110 = CARTESIAN_POINT('',(19.579875299639,-38.23750012505,
    7.006921203405));
#2111 = CARTESIAN_POINT('',(19.676393632104,-38.31560343672,
    7.016993274298));
#2112 = CARTESIAN_POINT('',(19.712489524393,-38.39888428492,
    6.969225587695));
#2113 = CARTESIAN_POINT('',(19.88453947185,-38.44814989495,
    7.138439355773));
#2114 = CARTESIAN_POINT('',(20.052090818622,-38.71529036408,
    6.637287203048));
#2115 = CARTESIAN_POINT('',(19.95494119099,-38.58555728655,
    7.052208125187));
#2116 = CARTESIAN_POINT('',(20.008661774579,-38.59745555981,
    7.043604741523));
#2117 = CARTESIAN_POINT('',(20.003044642428,-38.57947993228,
    7.242127517821));
#2118 = CARTESIAN_POINT('',(19.666836949521,-37.95534868194,
    6.907043332904));
#2119 = CARTESIAN_POINT('',(19.747598685364,-38.02799936514,
    6.996230547303));
#2120 = CARTESIAN_POINT('',(19.832347231327,-38.10424847619,
    7.020516521624));
#2121 = CARTESIAN_POINT('',(19.937964216373,-38.21260969145,
    7.110267832117));
#2122 = CARTESIAN_POINT('',(20.004971662209,-38.23072939718,
    6.829737478304));
#2123 = CARTESIAN_POINT('',(20.141035252149,-38.40847132274,
    7.005698058015));
#2124 = CARTESIAN_POINT('',(20.143670269063,-38.38924144525,
    6.959800261111));
#2125 = CARTESIAN_POINT('',(20.159250143647,-38.40146693047,
    7.081254228105));
#2126 = CARTESIAN_POINT('',(20.142996109052,-38.37140852502,
    7.284059419187));
#2127 = CARTESIAN_POINT('',(19.836164644919,-37.74562182186,
    6.867775563183));
#2128 = CARTESIAN_POINT('',(19.918049707012,-37.82148545282,
    6.955810259342));
#2129 = CARTESIAN_POINT('',(20.000331996171,-37.89644984169,
    7.003038737661));
#2130 = CARTESIAN_POINT('',(20.098308492099,-37.99154872069,
    7.072881319273));
#2131 = CARTESIAN_POINT('',(20.155894827963,-38.01471418703,
    6.90114948809));
#2132 = CARTESIAN_POINT('',(20.25879800791,-38.14755890934,
    7.069355936861));
#2133 = CARTESIAN_POINT('',(20.269514862839,-38.14616477856,
    7.069702820036));
#2134 = CARTESIAN_POINT('',(20.280586039874,-38.1570834563,
    7.188333892773));
#2135 = CARTESIAN_POINT('',(20.267488584047,-38.13700425953,
    7.35895304522));
#2136 = ADVANCED_FACE('',(#2137),#2159,.T.);
#2137 = FACE_BOUND('',#2138,.T.);
#2138 = EDGE_LOOP('',(#2139,#2140,#2141,#2148));
#2139 = ORIENTED_EDGE('',*,*,#424,.T.);
#2140 = ORIENTED_EDGE('',*,*,#1988,.T.);
#2141 = ORIENTED_EDGE('',*,*,#2142,.F.);
#2142 = EDGE_CURVE('',#2143,#1989,#2145,.T.);
#2143 = VERTEX_POINT('',#2144);
#2144 = CARTESIAN_POINT('',(19.,-33.58578643762,8.));
#2145 = B_SPLINE_CURVE_WITH_KNOTS('',1,(#2146,#2147),.UNSPECIFIED.,.F.,
  .F.,(2,2),(0.,1.114918119515),.PIECEWISE_BEZIER_KNOTS.);
#2146 = CARTESIAN_POINT('',(19.,-33.58578643762,8.));
#2147 = CARTESIAN_POINT('',(18.,-32.58578643762,8.));
#2148 = ORIENTED_EDGE('',*,*,#2149,.F.);
#2149 = EDGE_CURVE('',#425,#2143,#2150,.T.);
#2150 = B_SPLINE_CURVE_WITH_KNOTS('',7,(#2151,#2152,#2153,#2154,#2155,
    #2156,#2157,#2158),.UNSPECIFIED.,.F.,.F.,(8,8),(0.795180775004,
    1.910098894519),.PIECEWISE_BEZIER_KNOTS.);
#2151 = CARTESIAN_POINT('',(20.,-32.96051607462,7.));
#2152 = CARTESIAN_POINT('',(19.826125077839,-33.0985206918,7.));
#2153 = CARTESIAN_POINT('',(19.637536983001,-33.2318146691,
    7.035126257646));
#2154 = CARTESIAN_POINT('',(19.442253006497,-33.35532126772,
    7.117065149449));
#2155 = CARTESIAN_POINT('',(19.242270329639,-33.46539938171,
    7.253669752683));
#2156 = CARTESIAN_POINT('',(19.079569761817,-33.54583429646,
    7.476188576396));
#2157 = CARTESIAN_POINT('',(19.,-33.58578643762,7.738038803783));
#2158 = CARTESIAN_POINT('',(19.,-33.58578643762,8.));
#2159 = B_SPLINE_SURFACE_WITH_KNOTS('',1,7,(
    (#2160,#2161,#2162,#2163,#2164,#2165,#2166,#2167)
    ,(#2168,#2169,#2170,#2171,#2172,#2173,#2174,#2175
  )),.UNSPECIFIED.,.F.,.F.,.F.,(2,2),(8,8),(0.,1.114918119515),(
    0.795180775004,1.910098894519),.PIECEWISE_BEZIER_KNOTS.);
#2160 = CARTESIAN_POINT('',(20.,-32.96051607462,7.));
#2161 = CARTESIAN_POINT('',(19.826125077839,-33.0985206918,7.));
#2162 = CARTESIAN_POINT('',(19.637536983001,-33.2318146691,
    7.035126257646));
#2163 = CARTESIAN_POINT('',(19.442253006497,-33.35532126772,
    7.117065149449));
#2164 = CARTESIAN_POINT('',(19.242270329639,-33.46539938171,
    7.253669752683));
#2165 = CARTESIAN_POINT('',(19.079569761817,-33.54583429646,
    7.476188576396));
#2166 = CARTESIAN_POINT('',(19.,-33.58578643762,7.738038803783));
#2167 = CARTESIAN_POINT('',(19.,-33.58578643762,8.));
#2168 = CARTESIAN_POINT('',(18.625270363001,-31.58578643762,7.));
#2169 = CARTESIAN_POINT('',(18.487265745827,-31.75966135978,7.));
#2170 = CARTESIAN_POINT('',(18.353971768522,-31.94824945462,
    7.035126257646));
#2171 = CARTESIAN_POINT('',(18.230465169902,-32.14353343113,
    7.117065149449));
#2172 = CARTESIAN_POINT('',(18.120387055914,-32.34351610798,
    7.253669752683));
#2173 = CARTESIAN_POINT('',(18.039952141161,-32.50621667581,
    7.476188576396));
#2174 = CARTESIAN_POINT('',(18.,-32.58578643762,7.738038803783));
#2175 = CARTESIAN_POINT('',(18.,-32.58578643762,8.));
#2176 = ADVANCED_FACE('',(#2177),#2224,.F.);
#2177 = FACE_BOUND('',#2178,.T.);
#2178 = EDGE_LOOP('',(#2179,#2180,#2181,#2189,#2208,#2223));
#2179 = ORIENTED_EDGE('',*,*,#431,.F.);
#2180 = ORIENTED_EDGE('',*,*,#2149,.T.);
#2181 = ORIENTED_EDGE('',*,*,#2182,.T.);
#2182 = EDGE_CURVE('',#2143,#2183,#2185,.T.);
#2183 = VERTEX_POINT('',#2184);
#2184 = CARTESIAN_POINT('',(19.,-37.1961524227,8.));
#2185 = LINE('',#2186,#2187);
#2186 = CARTESIAN_POINT('',(19.,-34.,8.));
#2187 = VECTOR('',#2188,1.);
#2188 = DIRECTION('',(0.,-1.,0.));
#2189 = ORIENTED_EDGE('',*,*,#2190,.F.);
#2190 = EDGE_CURVE('',#2191,#2183,#2193,.T.);
#2191 = VERTEX_POINT('',#2192);
#2192 = CARTESIAN_POINT('',(19.17794334305,-37.49979444041,7.43059429862
    ));
#2193 = B_SPLINE_CURVE_WITH_KNOTS('',7,(#2194,#2195,#2196,#2197,#2198,
    #2199,#2200,#2201,#2202,#2203,#2204,#2205,#2206,#2207),
  .UNSPECIFIED.,.F.,.F.,(8,6,8),(1.638235165696,1.883623616468,
    2.499799688255),.UNSPECIFIED.);
#2194 = CARTESIAN_POINT('',(19.17794334305,-37.49979444041,7.43059429862
    ));
#2195 = CARTESIAN_POINT('',(19.165295167874,-37.49033231525,
    7.448854594533));
#2196 = CARTESIAN_POINT('',(19.152739632265,-37.4803646071,
    7.467989519185));
#2197 = CARTESIAN_POINT('',(19.140506991599,-37.47002364072,
    7.487786686199));
#2198 = CARTESIAN_POINT('',(19.128680314122,-37.4593648268,
    7.508145968528));
#2199 = CARTESIAN_POINT('',(19.11723435124,-37.44835509996,
    7.529134228992));
#2200 = CARTESIAN_POINT('',(19.106074407789,-37.43686135672,
    7.551040050828));
#2201 = CARTESIAN_POINT('',(19.067455978284,-37.39394800571,
    7.63315732492));
#2202 = CARTESIAN_POINT('',(19.042699668134,-37.36063530713,
    7.697527249921));
#2203 = CARTESIAN_POINT('',(19.02633958756,-37.33027050728,7.75688908271
    ));
#2204 = CARTESIAN_POINT('',(19.012335080053,-37.29719264319,
    7.819337083208));
#2205 = CARTESIAN_POINT('',(19.004271890796,-37.26457702062,
    7.87964575324));
#2206 = CARTESIAN_POINT('',(19.,-37.23073287908,7.94010489261));
#2207 = CARTESIAN_POINT('',(19.,-37.1961524227,8.));
#2208 = ORIENTED_EDGE('',*,*,#2209,.F.);
#2209 = EDGE_CURVE('',#2035,#2191,#2210,.T.);
#2210 = B_SPLINE_CURVE_WITH_KNOTS('',6,(#2211,#2212,#2213,#2214,#2215,
    #2216,#2217,#2218,#2219,#2220,#2221,#2222),.UNSPECIFIED.,.F.,.F.,(7,
    5,7),(0.784787004174,1.422895072441,1.638235165694),.UNSPECIFIED.);
#2211 = CARTESIAN_POINT('',(19.998879402697,-38.04068114109,
    7.000000627869));
#2212 = CARTESIAN_POINT('',(19.880688125393,-37.94702639153,
    7.000133072779));
#2213 = CARTESIAN_POINT('',(19.755264001053,-37.85549275806,
    7.017063421412));
#2214 = CARTESIAN_POINT('',(19.625531162627,-37.76793284572,
    7.054460525767));
#2215 = CARTESIAN_POINT('',(19.491206894824,-37.68558593337,
    7.116704742145));
#2216 = CARTESIAN_POINT('',(19.370149343101,-37.61619193329,
    7.211464147986));
#2217 = CARTESIAN_POINT('',(19.244607888378,-37.54390855385,
    7.343121260942));
#2218 = CARTESIAN_POINT('',(19.230537315359,-37.53570319235,
    7.361367868693));
#2219 = CARTESIAN_POINT('',(19.216923375146,-37.52705436769,
    7.377089682918));
#2220 = CARTESIAN_POINT('',(19.204004172513,-37.51869993732,
    7.394171754397));
#2221 = CARTESIAN_POINT('',(19.190892617621,-37.50948181863,
    7.411899302526));
#2222 = CARTESIAN_POINT('',(19.17794334305,-37.49979444041,7.43059429862
    ));
#2223 = ORIENTED_EDGE('',*,*,#2041,.F.);
#2224 = CYLINDRICAL_SURFACE('',#2225,1.);
#2225 = AXIS2_PLACEMENT_3D('',#2226,#2227,#2228);
#2226 = CARTESIAN_POINT('',(20.,-34.,8.));
#2227 = DIRECTION('',(0.,-1.,0.));
#2228 = DIRECTION('',(-0.,-0.,-1.));
#2229 = ADVANCED_FACE('',(#2230),#2298,.T.);
#2230 = FACE_BOUND('',#2231,.T.);
#2231 = EDGE_LOOP('',(#2232,#2233,#2242,#2250,#2258,#2265,#2266,#2275,
    #2283,#2291));
#2232 = ORIENTED_EDGE('',*,*,#2182,.F.);
#2233 = ORIENTED_EDGE('',*,*,#2234,.T.);
#2234 = EDGE_CURVE('',#2143,#2235,#2237,.T.);
#2235 = VERTEX_POINT('',#2236);
#2236 = CARTESIAN_POINT('',(19.,-33.,9.414213562373));
#2237 = CIRCLE('',#2238,2.);
#2238 = AXIS2_PLACEMENT_3D('',#2239,#2240,#2241);
#2239 = CARTESIAN_POINT('',(19.,-31.58578643762,8.));
#2240 = DIRECTION('',(-1.,0.,0.));
#2241 = DIRECTION('',(0.,-1.,0.));
#2242 = ORIENTED_EDGE('',*,*,#2243,.T.);
#2243 = EDGE_CURVE('',#2235,#2244,#2246,.T.);
#2244 = VERTEX_POINT('',#2245);
#2245 = CARTESIAN_POINT('',(19.,-2.75,39.664213562373));
#2246 = LINE('',#2247,#2248);
#2247 = CARTESIAN_POINT('',(19.,-33.,9.414213562373));
#2248 = VECTOR('',#2249,1.);
#2249 = DIRECTION('',(0.,0.707106781187,0.707106781187));
#2250 = ORIENTED_EDGE('',*,*,#2251,.F.);
#2251 = EDGE_CURVE('',#2252,#2244,#2254,.T.);
#2252 = VERTEX_POINT('',#2253);
#2253 = CARTESIAN_POINT('',(19.,27.5,9.414213562373));
#2254 = LINE('',#2255,#2256);
#2255 = CARTESIAN_POINT('',(19.,27.5,9.414213562373));
#2256 = VECTOR('',#2257,1.);
#2257 = DIRECTION('',(0.,-0.707106781187,0.707106781187));
#2258 = ORIENTED_EDGE('',*,*,#2259,.F.);
#2259 = EDGE_CURVE('',#473,#2252,#2260,.T.);
#2260 = CIRCLE('',#2261,2.);
#2261 = AXIS2_PLACEMENT_3D('',#2262,#2263,#2264);
#2262 = CARTESIAN_POINT('',(19.,26.085786437627,8.));
#2263 = DIRECTION('',(1.,0.,0.));
#2264 = DIRECTION('',(-0.,1.,0.));
#2265 = ORIENTED_EDGE('',*,*,#485,.T.);
#2266 = ORIENTED_EDGE('',*,*,#2267,.T.);
#2267 = EDGE_CURVE('',#486,#2268,#2270,.T.);
#2268 = VERTEX_POINT('',#2269);
#2269 = CARTESIAN_POINT('',(19.,32.742640687119,11.242640687119));
#2270 = CIRCLE('',#2271,6.);
#2271 = AXIS2_PLACEMENT_3D('',#2272,#2273,#2274);
#2272 = CARTESIAN_POINT('',(19.,28.5,7.));
#2273 = DIRECTION('',(1.,0.,-0.));
#2274 = DIRECTION('',(0.,0.989743318611,0.142857142857));
#2275 = ORIENTED_EDGE('',*,*,#2276,.T.);
#2276 = EDGE_CURVE('',#2268,#2277,#2279,.T.);
#2277 = VERTEX_POINT('',#2278);
#2278 = CARTESIAN_POINT('',(19.,-0.75,44.735281374239));
#2279 = LINE('',#2280,#2281);
#2280 = CARTESIAN_POINT('',(19.,32.742640687119,11.242640687119));
#2281 = VECTOR('',#2282,1.);
#2282 = DIRECTION('',(0.,-0.707106781187,0.707106781187));
#2283 = ORIENTED_EDGE('',*,*,#2284,.F.);
#2284 = EDGE_CURVE('',#2285,#2277,#2287,.T.);
#2285 = VERTEX_POINT('',#2286);
#2286 = CARTESIAN_POINT('',(19.,-36.24264068711,9.242640687119));
#2287 = LINE('',#2288,#2289);
#2288 = CARTESIAN_POINT('',(19.,-36.24264068711,9.242640687119));
#2289 = VECTOR('',#2290,1.);
#2290 = DIRECTION('',(0.,0.707106781187,0.707106781187));
#2291 = ORIENTED_EDGE('',*,*,#2292,.F.);
#2292 = EDGE_CURVE('',#2183,#2285,#2293,.T.);
#2293 = CIRCLE('',#2294,6.);
#2294 = AXIS2_PLACEMENT_3D('',#2295,#2296,#2297);
#2295 = CARTESIAN_POINT('',(19.,-32.,5.));
#2296 = DIRECTION('',(-1.,0.,0.));
#2297 = DIRECTION('',(0.,-0.903507902905,0.428571428571));
#2298 = PLANE('',#2299);
#2299 = AXIS2_PLACEMENT_3D('',#2300,#2301,#2302);
#2300 = CARTESIAN_POINT('',(19.,-8.911214381859,37.3740054545));
#2301 = DIRECTION('',(1.,0.,0.));
#2302 = DIRECTION('',(0.,0.,1.));
#2303 = ADVANCED_FACE('',(#2304),#2330,.T.);
#2304 = FACE_BOUND('',#2305,.T.);
#2305 = EDGE_LOOP('',(#2306,#2307,#2324,#2329));
#2306 = ORIENTED_EDGE('',*,*,#595,.T.);
#2307 = ORIENTED_EDGE('',*,*,#2308,.T.);
#2308 = EDGE_CURVE('',#577,#2309,#2311,.T.);
#2309 = VERTEX_POINT('',#2310);
#2310 = CARTESIAN_POINT('',(18.,35.402093080288,8.166666666639));
#2311 = B_SPLINE_CURVE_WITH_KNOTS('',6,(#2312,#2313,#2314,#2315,#2316,
    #2317,#2318,#2319,#2320,#2321,#2322,#2323),.UNSPECIFIED.,.F.,.F.,(7,
    5,7),(1.804517115503,1.879984401277,2.079611586182),.UNSPECIFIED.);
#2312 = CARTESIAN_POINT('',(18.003944187115,35.445097191545,7.875));
#2313 = CARTESIAN_POINT('',(18.002622289785,35.442455272906,
    7.895969579105));
#2314 = CARTESIAN_POINT('',(18.001569063033,35.439706953257,
    7.917138731498));
#2315 = CARTESIAN_POINT('',(18.000754423112,35.436920499933,
    7.938101719243));
#2316 = CARTESIAN_POINT('',(18.00025281031,35.433966224969,
    7.959614178198));
#2317 = CARTESIAN_POINT('',(18.000076648673,35.430981285128,
    7.980676423427));
#2318 = CARTESIAN_POINT('',(17.999832991701,35.423155726215,
    8.03513714055));
#2319 = CARTESIAN_POINT('',(18.000187492554,35.420646444301,
    8.050965894699));
#2320 = CARTESIAN_POINT('',(17.999870006516,35.41544751138,
    8.085865006893));
#2321 = CARTESIAN_POINT('',(18.000042383976,35.411415048701,
    8.110508453386));
#2322 = CARTESIAN_POINT('',(18.,35.40677929062,8.138942672432));
#2323 = CARTESIAN_POINT('',(18.,35.402093080288,8.166666666639));
#2324 = ORIENTED_EDGE('',*,*,#2325,.F.);
#2325 = EDGE_CURVE('',#486,#2309,#2326,.T.);
#2326 = B_SPLINE_CURVE_WITH_KNOTS('',1,(#2327,#2328),.UNSPECIFIED.,.F.,
  .F.,(2,2),(0.,0.275094470678),.PIECEWISE_BEZIER_KNOTS.);
#2327 = CARTESIAN_POINT('',(19.,34.4160797831,8.));
#2328 = CARTESIAN_POINT('',(18.,35.402093080288,8.166666666639));
#2329 = ORIENTED_EDGE('',*,*,#493,.F.);
#2330 = B_SPLINE_SURFACE_WITH_KNOTS('',1,6,(
    (#2331,#2332,#2333,#2334,#2335,#2336,#2337,#2338,#2339,#2340,#2341
      ,#2342)
    ,(#2343,#2344,#2345,#2346,#2347,#2348,#2349,#2350,#2351,#2352,#2353
      ,#2354
    )),.UNSPECIFIED.,.F.,.F.,.F.,(2,2),(7,5,7),(0.,0.275094470678),(
    1.804517115503,1.879984401277,2.079611586182),.UNSPECIFIED.);
#2331 = CARTESIAN_POINT('',(19.019320335125,34.445987033573,
    7.804379461964));
#2332 = CARTESIAN_POINT('',(19.017617798417,34.444815970899,
    7.812914573591));
#2333 = CARTESIAN_POINT('',(19.015963748545,34.443597376851,
    7.821672459752));
#2334 = CARTESIAN_POINT('',(19.014396453105,34.442354364437,
    7.83049777199));
#2335 = CARTESIAN_POINT('',(19.012924390937,34.441093618588,
    7.839344201249));
#2336 = CARTESIAN_POINT('',(19.01154261433,34.439812376664,
    7.848230301703));
#2337 = CARTESIAN_POINT('',(19.006827517624,34.435048198543,
    7.880909699733));
#2338 = CARTESIAN_POINT('',(19.004061642122,34.431448167669,
    7.904922907788));
#2339 = CARTESIAN_POINT('',(19.002045781444,34.427795517696,
    7.928594824626));
#2340 = CARTESIAN_POINT('',(19.000674185116,34.423995876573,
    7.952471655766));
#2341 = CARTESIAN_POINT('',(19.,34.420096534842,7.976236576217));
#2342 = CARTESIAN_POINT('',(19.,34.4160797831,8.));
#2343 = CARTESIAN_POINT('',(18.003944187115,35.445097191545,7.875));
#2344 = CARTESIAN_POINT('',(18.002622289785,35.442455272906,
    7.895969579105));
#2345 = CARTESIAN_POINT('',(18.001569063033,35.439706953257,
    7.917138731498));
#2346 = CARTESIAN_POINT('',(18.000754423112,35.436920499933,
    7.938101719243));
#2347 = CARTESIAN_POINT('',(18.00025281031,35.433966224969,
    7.959614178198));
#2348 = CARTESIAN_POINT('',(18.000076648673,35.430981285128,
    7.980676423427));
#2349 = CARTESIAN_POINT('',(17.999832991701,35.423155726215,
    8.03513714055));
#2350 = CARTESIAN_POINT('',(18.000187492554,35.420646444301,
    8.050965894699));
#2351 = CARTESIAN_POINT('',(17.999870006516,35.41544751138,
    8.085865006893));
#2352 = CARTESIAN_POINT('',(18.000042383976,35.411415048701,
    8.110508453386));
#2353 = CARTESIAN_POINT('',(18.,35.40677929062,8.138942672432));
#2354 = CARTESIAN_POINT('',(18.,35.402093080288,8.166666666639));
#2355 = ADVANCED_FACE('',(#2356),#2367,.F.);
#2356 = FACE_BOUND('',#2357,.T.);
#2357 = EDGE_LOOP('',(#2358,#2359,#2360,#2366));
#2358 = ORIENTED_EDGE('',*,*,#549,.F.);
#2359 = ORIENTED_EDGE('',*,*,#2259,.T.);
#2360 = ORIENTED_EDGE('',*,*,#2361,.T.);
#2361 = EDGE_CURVE('',#2252,#657,#2362,.T.);
#2362 = LINE('',#2363,#2364);
#2363 = CARTESIAN_POINT('',(18.,26.792893218813,8.707106781187));
#2364 = VECTOR('',#2365,1.);
#2365 = DIRECTION('',(-0.707106781187,-0.5,-0.5));
#2366 = ORIENTED_EDGE('',*,*,#664,.F.);
#2367 = CONICAL_SURFACE('',#2368,1.,0.785398163397);
#2368 = AXIS2_PLACEMENT_3D('',#2369,#2370,#2371);
#2369 = CARTESIAN_POINT('',(18.,26.085786437627,8.));
#2370 = DIRECTION('',(1.,-0.,-0.));
#2371 = DIRECTION('',(0.,1.,0.));
#2372 = ADVANCED_FACE('',(#2373),#2392,.F.);
#2373 = FACE_BOUND('',#2374,.T.);
#2374 = EDGE_LOOP('',(#2375,#2376,#2377,#2385));
#2375 = ORIENTED_EDGE('',*,*,#729,.F.);
#2376 = ORIENTED_EDGE('',*,*,#647,.T.);
#2377 = ORIENTED_EDGE('',*,*,#2378,.T.);
#2378 = EDGE_CURVE('',#648,#2379,#2381,.T.);
#2379 = VERTEX_POINT('',#2380);
#2380 = CARTESIAN_POINT('',(-19.,27.5,9.414213562373));
#2381 = LINE('',#2382,#2383);
#2382 = CARTESIAN_POINT('',(-18.,26.792893218813,8.707106781187));
#2383 = VECTOR('',#2384,1.);
#2384 = DIRECTION('',(-0.707106781187,0.5,0.5));
#2385 = ORIENTED_EDGE('',*,*,#2386,.F.);
#2386 = EDGE_CURVE('',#717,#2379,#2387,.T.);
#2387 = CIRCLE('',#2388,2.);
#2388 = AXIS2_PLACEMENT_3D('',#2389,#2390,#2391);
#2389 = CARTESIAN_POINT('',(-19.,26.085786437627,8.));
#2390 = DIRECTION('',(1.,0.,0.));
#2391 = DIRECTION('',(-0.,1.,0.));
#2392 = CONICAL_SURFACE('',#2393,1.,0.785398163397);
#2393 = AXIS2_PLACEMENT_3D('',#2394,#2395,#2396);
#2394 = CARTESIAN_POINT('',(-18.,26.085786437627,8.));
#2395 = DIRECTION('',(-1.,-0.,-0.));
#2396 = DIRECTION('',(0.,1.,0.));
#2397 = ADVANCED_FACE('',(#2398,#2423),#2493,.F.);
#2398 = FACE_BOUND('',#2399,.F.);
#2399 = EDGE_LOOP('',(#2400,#2401,#2409,#2417));
#2400 = ORIENTED_EDGE('',*,*,#656,.F.);
#2401 = ORIENTED_EDGE('',*,*,#2402,.T.);
#2402 = EDGE_CURVE('',#648,#2403,#2405,.T.);
#2403 = VERTEX_POINT('',#2404);
#2404 = CARTESIAN_POINT('',(-18.,-2.75,38.25));
#2405 = LINE('',#2406,#2407);
#2406 = CARTESIAN_POINT('',(-18.,26.792893218813,8.707106781187));
#2407 = VECTOR('',#2408,1.);
#2408 = DIRECTION('',(0.,-0.707106781187,0.707106781187));
#2409 = ORIENTED_EDGE('',*,*,#2410,.F.);
#2410 = EDGE_CURVE('',#2411,#2403,#2413,.T.);
#2411 = VERTEX_POINT('',#2412);
#2412 = CARTESIAN_POINT('',(18.,-2.75,38.25));
#2413 = LINE('',#2414,#2415);
#2414 = CARTESIAN_POINT('',(0.,-2.75,38.25));
#2415 = VECTOR('',#2416,1.);
#2416 = DIRECTION('',(-1.,0.,0.));
#2417 = ORIENTED_EDGE('',*,*,#2418,.F.);
#2418 = EDGE_CURVE('',#657,#2411,#2419,.T.);
#2419 = LINE('',#2420,#2421);
#2420 = CARTESIAN_POINT('',(18.,26.792893218813,8.707106781187));
#2421 = VECTOR('',#2422,1.);
#2422 = DIRECTION('',(0.,-0.707106781187,0.707106781187));
#2423 = FACE_BOUND('',#2424,.F.);
#2424 = EDGE_LOOP('',(#2425,#2436,#2444,#2453,#2461,#2470,#2478,#2487));
#2425 = ORIENTED_EDGE('',*,*,#2426,.F.);
#2426 = EDGE_CURVE('',#2427,#2429,#2431,.T.);
#2427 = VERTEX_POINT('',#2428);
#2428 = CARTESIAN_POINT('',(9.,20.721825406948,14.778174593052));
#2429 = VERTEX_POINT('',#2430);
#2430 = CARTESIAN_POINT('',(8.,21.428932188135,14.071067811865));
#2431 = CIRCLE('',#2432,1.);
#2432 = AXIS2_PLACEMENT_3D('',#2433,#2434,#2435);
#2433 = CARTESIAN_POINT('',(8.,20.721825406948,14.778174593052));
#2434 = DIRECTION('',(0.,0.707106781187,0.707106781187));
#2435 = DIRECTION('',(-1.,0.,0.));
#2436 = ORIENTED_EDGE('',*,*,#2437,.F.);
#2437 = EDGE_CURVE('',#2438,#2427,#2440,.T.);
#2438 = VERTEX_POINT('',#2439);
#2439 = CARTESIAN_POINT('',(9.,2.078427124746,33.421572875254));
#2440 = LINE('',#2441,#2442);
#2441 = CARTESIAN_POINT('',(9.,24.610912703474,10.889087296526));
#2442 = VECTOR('',#2443,1.);
#2443 = DIRECTION('',(0.,0.707106781187,-0.707106781187));
#2444 = ORIENTED_EDGE('',*,*,#2445,.F.);
#2445 = EDGE_CURVE('',#2446,#2438,#2448,.T.);
#2446 = VERTEX_POINT('',#2447);
#2447 = CARTESIAN_POINT('',(8.,1.37132034356,34.12867965644));
#2448 = CIRCLE('',#2449,1.);
#2449 = AXIS2_PLACEMENT_3D('',#2450,#2451,#2452);
#2450 = CARTESIAN_POINT('',(8.,2.078427124746,33.421572875254));
#2451 = DIRECTION('',(0.,0.707106781187,0.707106781187));
#2452 = DIRECTION('',(-1.,0.,0.));
#2453 = ORIENTED_EDGE('',*,*,#2454,.F.);
#2454 = EDGE_CURVE('',#2455,#2446,#2457,.T.);
#2455 = VERTEX_POINT('',#2456);
#2456 = CARTESIAN_POINT('',(-8.,1.37132034356,34.12867965644));
#2457 = LINE('',#2458,#2459);
#2458 = CARTESIAN_POINT('',(-5.5,1.37132034356,34.12867965644));
#2459 = VECTOR('',#2460,1.);
#2460 = DIRECTION('',(1.,0.,0.));
#2461 = ORIENTED_EDGE('',*,*,#2462,.F.);
#2462 = EDGE_CURVE('',#2463,#2455,#2465,.T.);
#2463 = VERTEX_POINT('',#2464);
#2464 = CARTESIAN_POINT('',(-9.,2.078427124746,33.421572875254));
#2465 = CIRCLE('',#2466,1.);
#2466 = AXIS2_PLACEMENT_3D('',#2467,#2468,#2469);
#2467 = CARTESIAN_POINT('',(-8.,2.078427124746,33.421572875254));
#2468 = DIRECTION('',(0.,0.707106781187,0.707106781187));
#2469 = DIRECTION('',(-1.,0.,0.));
#2470 = ORIENTED_EDGE('',*,*,#2471,.T.);
#2471 = EDGE_CURVE('',#2463,#2472,#2474,.T.);
#2472 = VERTEX_POINT('',#2473);
#2473 = CARTESIAN_POINT('',(-9.,20.721825406948,14.778174593052));
#2474 = LINE('',#2475,#2476);
#2475 = CARTESIAN_POINT('',(-9.,24.610912703474,10.889087296526));
#2476 = VECTOR('',#2477,1.);
#2477 = DIRECTION('',(0.,0.707106781187,-0.707106781187));
#2478 = ORIENTED_EDGE('',*,*,#2479,.F.);
#2479 = EDGE_CURVE('',#2480,#2472,#2482,.T.);
#2480 = VERTEX_POINT('',#2481);
#2481 = CARTESIAN_POINT('',(-8.,21.428932188135,14.071067811865));
#2482 = CIRCLE('',#2483,1.);
#2483 = AXIS2_PLACEMENT_3D('',#2484,#2485,#2486);
#2484 = CARTESIAN_POINT('',(-8.,20.721825406948,14.778174593052));
#2485 = DIRECTION('',(0.,0.707106781187,0.707106781187));
#2486 = DIRECTION('',(-1.,0.,0.));
#2487 = ORIENTED_EDGE('',*,*,#2488,.T.);
#2488 = EDGE_CURVE('',#2480,#2429,#2489,.T.);
#2489 = LINE('',#2490,#2491);
#2490 = CARTESIAN_POINT('',(-5.5,21.428932188135,14.071067811865));
#2491 = VECTOR('',#2492,1.);
#2492 = DIRECTION('',(1.,0.,0.));
#2493 = PLANE('',#2494);
#2494 = AXIS2_PLACEMENT_3D('',#2495,#2496,#2497);
#2495 = CARTESIAN_POINT('',(-19.,28.5,7.));
#2496 = DIRECTION('',(0.,0.707106781187,0.707106781187));
#2497 = DIRECTION('',(1.,0.,0.));
#2498 = ADVANCED_FACE('',(#2499),#2544,.T.);
#2499 = FACE_BOUND('',#2500,.F.);
#2500 = EDGE_LOOP('',(#2501,#2511,#2520,#2535,#2536,#2537));
#2501 = ORIENTED_EDGE('',*,*,#2502,.T.);
#2502 = EDGE_CURVE('',#2503,#2505,#2507,.T.);
#2503 = VERTEX_POINT('',#2504);
#2504 = CARTESIAN_POINT('',(18.,33.449747468306,11.949747468306));
#2505 = VERTEX_POINT('',#2506);
#2506 = CARTESIAN_POINT('',(-18.,33.449747468306,11.949747468306));
#2507 = LINE('',#2508,#2509);
#2508 = CARTESIAN_POINT('',(19.,33.449747468306,11.949747468306));
#2509 = VECTOR('',#2510,1.);
#2510 = DIRECTION('',(-1.,0.,0.));
#2511 = ORIENTED_EDGE('',*,*,#2512,.F.);
#2512 = EDGE_CURVE('',#2513,#2505,#2515,.T.);
#2513 = VERTEX_POINT('',#2514);
#2514 = CARTESIAN_POINT('',(-18.,35.402093080284,8.16666666666));
#2515 = CIRCLE('',#2516,7.);
#2516 = AXIS2_PLACEMENT_3D('',#2517,#2518,#2519);
#2517 = CARTESIAN_POINT('',(-18.,28.5,7.));
#2518 = DIRECTION('',(1.,0.,-0.));
#2519 = DIRECTION('',(0.,0.989743318611,0.142857142857));
#2520 = ORIENTED_EDGE('',*,*,#2521,.F.);
#2521 = EDGE_CURVE('',#683,#2513,#2522,.T.);
#2522 = B_SPLINE_CURVE_WITH_KNOTS('',6,(#2523,#2524,#2525,#2526,#2527,
    #2528,#2529,#2530,#2531,#2532,#2533,#2534),.UNSPECIFIED.,.F.,.F.,(7,
    5,7),(1.804520064993,1.879985165968,2.079611586109),.UNSPECIFIED.);
#2523 = CARTESIAN_POINT('',(-18.00394418789,35.445097191545,7.875));
#2524 = CARTESIAN_POINT('',(-18.00262228697,35.442455257971,
    7.895969697651));
#2525 = CARTESIAN_POINT('',(-18.0015690626,35.439706922446,7.91713896354
    ));
#2526 = CARTESIAN_POINT('',(-18.00075442706,35.436920480178,
    7.938101865608));
#2527 = CARTESIAN_POINT('',(-18.00025281542,35.433966217806,
    7.959614227362));
#2528 = CARTESIAN_POINT('',(-18.00007665023,35.430981273953,
    7.980676499294));
#2529 = CARTESIAN_POINT('',(-17.99983298517,35.423155678246,
    8.035137479419));
#2530 = CARTESIAN_POINT('',(-18.00018749999,35.420646457388,
    8.050965779077));
#2531 = CARTESIAN_POINT('',(-17.99987000133,35.415447514792,
    8.085865003695));
#2532 = CARTESIAN_POINT('',(-18.00004238566,35.41141504562,
    8.110508467768));
#2533 = CARTESIAN_POINT('',(-18.,35.406779290641,8.138942672307));
#2534 = CARTESIAN_POINT('',(-18.,35.402093080284,8.16666666666));
#2535 = ORIENTED_EDGE('',*,*,#682,.F.);
#2536 = ORIENTED_EDGE('',*,*,#2308,.T.);
#2537 = ORIENTED_EDGE('',*,*,#2538,.T.);
#2538 = EDGE_CURVE('',#2309,#2503,#2539,.T.);
#2539 = CIRCLE('',#2540,7.);
#2540 = AXIS2_PLACEMENT_3D('',#2541,#2542,#2543);
#2541 = CARTESIAN_POINT('',(18.,28.5,7.));
#2542 = DIRECTION('',(1.,0.,-0.));
#2543 = DIRECTION('',(0.,0.989743318611,0.142857142857));
#2544 = CYLINDRICAL_SURFACE('',#2545,7.);
#2545 = AXIS2_PLACEMENT_3D('',#2546,#2547,#2548);
#2546 = CARTESIAN_POINT('',(19.,28.5,7.));
#2547 = DIRECTION('',(-1.,-0.,-0.));
#2548 = DIRECTION('',(0.,1.,0.));
#2549 = ADVANCED_FACE('',(#2550),#2560,.F.);
#2550 = FACE_BOUND('',#2551,.F.);
#2551 = EDGE_LOOP('',(#2552,#2553,#2554,#2559));
#2552 = ORIENTED_EDGE('',*,*,#757,.T.);
#2553 = ORIENTED_EDGE('',*,*,#2521,.T.);
#2554 = ORIENTED_EDGE('',*,*,#2555,.F.);
#2555 = EDGE_CURVE('',#816,#2513,#2556,.T.);
#2556 = B_SPLINE_CURVE_WITH_KNOTS('',1,(#2557,#2558),.UNSPECIFIED.,.F.,
  .F.,(2,2),(0.,0.275091521116),.PIECEWISE_BEZIER_KNOTS.);
#2557 = CARTESIAN_POINT('',(-19.,34.4160797831,8.));
#2558 = CARTESIAN_POINT('',(-18.,35.402093080284,8.16666666666));
#2559 = ORIENTED_EDGE('',*,*,#815,.F.);
#2560 = B_SPLINE_SURFACE_WITH_KNOTS('',1,6,(
    (#2561,#2562,#2563,#2564,#2565,#2566,#2567,#2568,#2569,#2570,#2571
      ,#2572)
    ,(#2573,#2574,#2575,#2576,#2577,#2578,#2579,#2580,#2581,#2582,#2583
      ,#2584
    )),.UNSPECIFIED.,.F.,.F.,.F.,(2,2),(7,5,7),(0.,0.275091521116),(
    1.804520064993,1.879985165968,2.079611586109),.UNSPECIFIED.);
#2561 = CARTESIAN_POINT('',(-19.01932038104,34.445987065093,
    7.804379231781));
#2562 = CARTESIAN_POINT('',(-19.01761782575,34.44481599055,
    7.812914426083));
#2563 = CARTESIAN_POINT('',(-19.01596374891,34.443597378354,
    7.821672441136));
#2564 = CARTESIAN_POINT('',(-19.01439642243,34.442354339574,
    7.830497938836));
#2565 = CARTESIAN_POINT('',(-19.01292434651,34.44109357854,
    7.839344474295));
#2566 = CARTESIAN_POINT('',(-19.01154258592,34.439812347958,
    7.848230496395));
#2567 = CARTESIAN_POINT('',(-19.00682748905,34.435048169692,
    7.880909903476));
#2568 = CARTESIAN_POINT('',(-19.00406168473,34.431448206814,
    7.904922637411));
#2569 = CARTESIAN_POINT('',(-19.00204575042,34.427795491383,
    7.928595006321));
#2570 = CARTESIAN_POINT('',(-19.00067419526,34.423995884824,
    7.952471598737));
#2571 = CARTESIAN_POINT('',(-19.,34.420096534839,7.976236576236));
#2572 = CARTESIAN_POINT('',(-19.,34.4160797831,8.));
#2573 = CARTESIAN_POINT('',(-18.00394418789,35.445097191545,7.875));
#2574 = CARTESIAN_POINT('',(-18.00262228697,35.442455257971,
    7.895969697651));
#2575 = CARTESIAN_POINT('',(-18.0015690626,35.439706922446,7.91713896354
    ));
#2576 = CARTESIAN_POINT('',(-18.00075442706,35.436920480178,
    7.938101865608));
#2577 = CARTESIAN_POINT('',(-18.00025281542,35.433966217806,
    7.959614227362));
#2578 = CARTESIAN_POINT('',(-18.00007665023,35.430981273953,
    7.980676499294));
#2579 = CARTESIAN_POINT('',(-17.99983298517,35.423155678246,
    8.035137479419));
#2580 = CARTESIAN_POINT('',(-18.00018749999,35.420646457388,
    8.050965779077));
#2581 = CARTESIAN_POINT('',(-17.99987000133,35.415447514792,
    8.085865003695));
#2582 = CARTESIAN_POINT('',(-18.00004238566,35.41141504562,
    8.110508467768));
#2583 = CARTESIAN_POINT('',(-18.,35.406779290641,8.138942672307));
#2584 = CARTESIAN_POINT('',(-18.,35.402093080284,8.16666666666));
#2585 = ADVANCED_FACE('',(#2586),#2646,.T.);
#2586 = FACE_BOUND('',#2587,.T.);
#2587 = EDGE_LOOP('',(#2588,#2589,#2598,#2606,#2614,#2621,#2622,#2623,
    #2631,#2639));
#2588 = ORIENTED_EDGE('',*,*,#1779,.F.);
#2589 = ORIENTED_EDGE('',*,*,#2590,.T.);
#2590 = EDGE_CURVE('',#1761,#2591,#2593,.T.);
#2591 = VERTEX_POINT('',#2592);
#2592 = CARTESIAN_POINT('',(-19.,-36.24264068711,9.242640687119));
#2593 = CIRCLE('',#2594,6.);
#2594 = AXIS2_PLACEMENT_3D('',#2595,#2596,#2597);
#2595 = CARTESIAN_POINT('',(-19.,-32.,5.));
#2596 = DIRECTION('',(-1.,0.,0.));
#2597 = DIRECTION('',(0.,-0.903507902905,0.428571428571));
#2598 = ORIENTED_EDGE('',*,*,#2599,.T.);
#2599 = EDGE_CURVE('',#2591,#2600,#2602,.T.);
#2600 = VERTEX_POINT('',#2601);
#2601 = CARTESIAN_POINT('',(-19.,-0.75,44.735281374239));
#2602 = LINE('',#2603,#2604);
#2603 = CARTESIAN_POINT('',(-19.,-36.24264068711,9.242640687119));
#2604 = VECTOR('',#2605,1.);
#2605 = DIRECTION('',(0.,0.707106781187,0.707106781187));
#2606 = ORIENTED_EDGE('',*,*,#2607,.F.);
#2607 = EDGE_CURVE('',#2608,#2600,#2610,.T.);
#2608 = VERTEX_POINT('',#2609);
#2609 = CARTESIAN_POINT('',(-19.,32.742640687119,11.242640687119));
#2610 = LINE('',#2611,#2612);
#2611 = CARTESIAN_POINT('',(-19.,32.742640687119,11.242640687119));
#2612 = VECTOR('',#2613,1.);
#2613 = DIRECTION('',(0.,-0.707106781187,0.707106781187));
#2614 = ORIENTED_EDGE('',*,*,#2615,.F.);
#2615 = EDGE_CURVE('',#816,#2608,#2616,.T.);
#2616 = CIRCLE('',#2617,6.);
#2617 = AXIS2_PLACEMENT_3D('',#2618,#2619,#2620);
#2618 = CARTESIAN_POINT('',(-19.,28.5,7.));
#2619 = DIRECTION('',(1.,0.,-0.));
#2620 = DIRECTION('',(0.,0.989743318611,0.142857142857));
#2621 = ORIENTED_EDGE('',*,*,#832,.T.);
#2622 = ORIENTED_EDGE('',*,*,#2386,.T.);
#2623 = ORIENTED_EDGE('',*,*,#2624,.T.);
#2624 = EDGE_CURVE('',#2379,#2625,#2627,.T.);
#2625 = VERTEX_POINT('',#2626);
#2626 = CARTESIAN_POINT('',(-19.,-2.75,39.664213562373));
#2627 = LINE('',#2628,#2629);
#2628 = CARTESIAN_POINT('',(-19.,27.5,9.414213562373));
#2629 = VECTOR('',#2630,1.);
#2630 = DIRECTION('',(0.,-0.707106781187,0.707106781187));
#2631 = ORIENTED_EDGE('',*,*,#2632,.F.);
#2632 = EDGE_CURVE('',#2633,#2625,#2635,.T.);
#2633 = VERTEX_POINT('',#2634);
#2634 = CARTESIAN_POINT('',(-19.,-33.,9.414213562373));
#2635 = LINE('',#2636,#2637);
#2636 = CARTESIAN_POINT('',(-19.,-33.,9.414213562373));
#2637 = VECTOR('',#2638,1.);
#2638 = DIRECTION('',(0.,0.707106781187,0.707106781187));
#2639 = ORIENTED_EDGE('',*,*,#2640,.F.);
#2640 = EDGE_CURVE('',#1780,#2633,#2641,.T.);
#2641 = CIRCLE('',#2642,2.);
#2642 = AXIS2_PLACEMENT_3D('',#2643,#2644,#2645);
#2643 = CARTESIAN_POINT('',(-19.,-31.58578643762,8.));
#2644 = DIRECTION('',(-1.,0.,0.));
#2645 = DIRECTION('',(0.,-1.,0.));
#2646 = PLANE('',#2647);
#2647 = AXIS2_PLACEMENT_3D('',#2648,#2649,#2650);
#2648 = CARTESIAN_POINT('',(-19.,-8.911214381859,37.3740054545));
#2649 = DIRECTION('',(-1.,-0.,-0.));
#2650 = DIRECTION('',(0.,0.,-1.));
#2651 = ADVANCED_FACE('',(#2652,#2678,#2688,#2699,#2710,#2721),#2732,.F.
  );
#2652 = FACE_BOUND('',#2653,.F.);
#2653 = EDGE_LOOP('',(#2654,#2655,#2656,#2657,#2658,#2659,#2660,#2661,
    #2662,#2663,#2664,#2665,#2666,#2667,#2668,#2669,#2670,#2671,#2672,
    #2673,#2674,#2675,#2676,#2677));
#2654 = ORIENTED_EDGE('',*,*,#847,.T.);
#2655 = ORIENTED_EDGE('',*,*,#878,.T.);
#2656 = ORIENTED_EDGE('',*,*,#927,.T.);
#2657 = ORIENTED_EDGE('',*,*,#975,.T.);
#2658 = ORIENTED_EDGE('',*,*,#1024,.T.);
#2659 = ORIENTED_EDGE('',*,*,#1082,.T.);
#2660 = ORIENTED_EDGE('',*,*,#1132,.F.);
#2661 = ORIENTED_EDGE('',*,*,#1180,.F.);
#2662 = ORIENTED_EDGE('',*,*,#1230,.F.);
#2663 = ORIENTED_EDGE('',*,*,#1278,.F.);
#2664 = ORIENTED_EDGE('',*,*,#1327,.T.);
#2665 = ORIENTED_EDGE('',*,*,#1375,.T.);
#2666 = ORIENTED_EDGE('',*,*,#1414,.T.);
#2667 = ORIENTED_EDGE('',*,*,#1390,.T.);
#2668 = ORIENTED_EDGE('',*,*,#1341,.T.);
#2669 = ORIENTED_EDGE('',*,*,#1293,.T.);
#2670 = ORIENTED_EDGE('',*,*,#1244,.T.);
#2671 = ORIENTED_EDGE('',*,*,#1205,.T.);
#2672 = ORIENTED_EDGE('',*,*,#1156,.T.);
#2673 = ORIENTED_EDGE('',*,*,#1107,.F.);
#2674 = ORIENTED_EDGE('',*,*,#1058,.T.);
#2675 = ORIENTED_EDGE('',*,*,#1009,.F.);
#2676 = ORIENTED_EDGE('',*,*,#961,.F.);
#2677 = ORIENTED_EDGE('',*,*,#912,.T.);
#2678 = FACE_BOUND('',#2679,.T.);
#2679 = EDGE_LOOP('',(#2680,#2681,#2682,#2683,#2684,#2685,#2686,#2687));
#2680 = ORIENTED_EDGE('',*,*,#1523,.T.);
#2681 = ORIENTED_EDGE('',*,*,#1572,.T.);
#2682 = ORIENTED_EDGE('',*,*,#1621,.T.);
#2683 = ORIENTED_EDGE('',*,*,#1670,.T.);
#2684 = ORIENTED_EDGE('',*,*,#1687,.T.);
#2685 = ORIENTED_EDGE('',*,*,#1646,.F.);
#2686 = ORIENTED_EDGE('',*,*,#1596,.T.);
#2687 = ORIENTED_EDGE('',*,*,#1548,.F.);
#2688 = FACE_BOUND('',#2689,.T.);
#2689 = EDGE_LOOP('',(#2690));
#2690 = ORIENTED_EDGE('',*,*,#2691,.T.);
#2691 = EDGE_CURVE('',#2692,#2692,#2694,.T.);
#2692 = VERTEX_POINT('',#2693);
#2693 = CARTESIAN_POINT('',(-55.,33.75,0.));
#2694 = CIRCLE('',#2695,1.25);
#2695 = AXIS2_PLACEMENT_3D('',#2696,#2697,#2698);
#2696 = CARTESIAN_POINT('',(-56.25,33.75,0.));
#2697 = DIRECTION('',(0.,0.,1.));
#2698 = DIRECTION('',(1.,0.,0.));
#2699 = FACE_BOUND('',#2700,.T.);
#2700 = EDGE_LOOP('',(#2701));
#2701 = ORIENTED_EDGE('',*,*,#2702,.T.);
#2702 = EDGE_CURVE('',#2703,#2703,#2705,.T.);
#2703 = VERTEX_POINT('',#2704);
#2704 = CARTESIAN_POINT('',(57.5,33.75,0.));
#2705 = CIRCLE('',#2706,1.25);
#2706 = AXIS2_PLACEMENT_3D('',#2707,#2708,#2709);
#2707 = CARTESIAN_POINT('',(56.25,33.75,0.));
#2708 = DIRECTION('',(0.,0.,1.));
#2709 = DIRECTION('',(1.,0.,0.));
#2710 = FACE_BOUND('',#2711,.T.);
#2711 = EDGE_LOOP('',(#2712));
#2712 = ORIENTED_EDGE('',*,*,#2713,.T.);
#2713 = EDGE_CURVE('',#2714,#2714,#2716,.T.);
#2714 = VERTEX_POINT('',#2715);
#2715 = CARTESIAN_POINT('',(-55.,-33.75,0.));
#2716 = CIRCLE('',#2717,1.25);
#2717 = AXIS2_PLACEMENT_3D('',#2718,#2719,#2720);
#2718 = CARTESIAN_POINT('',(-56.25,-33.75,0.));
#2719 = DIRECTION('',(0.,0.,1.));
#2720 = DIRECTION('',(1.,0.,0.));
#2721 = FACE_BOUND('',#2722,.T.);
#2722 = EDGE_LOOP('',(#2723));
#2723 = ORIENTED_EDGE('',*,*,#2724,.T.);
#2724 = EDGE_CURVE('',#2725,#2725,#2727,.T.);
#2725 = VERTEX_POINT('',#2726);
#2726 = CARTESIAN_POINT('',(57.5,-33.75,0.));
#2727 = CIRCLE('',#2728,1.25);
#2728 = AXIS2_PLACEMENT_3D('',#2729,#2730,#2731);
#2729 = CARTESIAN_POINT('',(56.25,-33.75,0.));
#2730 = DIRECTION('',(0.,0.,1.));
#2731 = DIRECTION('',(1.,0.,0.));
#2732 = PLANE('',#2733);
#2733 = AXIS2_PLACEMENT_3D('',#2734,#2735,#2736);
#2734 = CARTESIAN_POINT('',(0.212408687573,2.7E-15,0.));
#2735 = DIRECTION('',(0.,0.,1.));
#2736 = DIRECTION('',(1.,0.,0.));
#2737 = ADVANCED_FACE('',(#2738,#2741),#2752,.T.);
#2738 = FACE_BOUND('',#2739,.T.);
#2739 = EDGE_LOOP('',(#2740));
#2740 = ORIENTED_EDGE('',*,*,#1439,.T.);
#2741 = FACE_BOUND('',#2742,.T.);
#2742 = EDGE_LOOP('',(#2743));
#2743 = ORIENTED_EDGE('',*,*,#2744,.T.);
#2744 = EDGE_CURVE('',#2745,#2745,#2747,.T.);
#2745 = VERTEX_POINT('',#2746);
#2746 = CARTESIAN_POINT('',(-55.,-33.75,5.));
#2747 = CIRCLE('',#2748,1.25);
#2748 = AXIS2_PLACEMENT_3D('',#2749,#2750,#2751);
#2749 = CARTESIAN_POINT('',(-56.25,-33.75,5.));
#2750 = DIRECTION('',(0.,0.,-1.));
#2751 = DIRECTION('',(1.,0.,0.));
#2752 = PLANE('',#2753);
#2753 = AXIS2_PLACEMENT_3D('',#2754,#2755,#2756);
#2754 = CARTESIAN_POINT('',(6.1E-16,-1.22E-15,5.));
#2755 = DIRECTION('',(0.,0.,1.));
#2756 = DIRECTION('',(1.,0.,0.));
#2757 = ADVANCED_FACE('',(#2758,#2761),#2772,.T.);
#2758 = FACE_BOUND('',#2759,.T.);
#2759 = EDGE_LOOP('',(#2760));
#2760 = ORIENTED_EDGE('',*,*,#1464,.T.);
#2761 = FACE_BOUND('',#2762,.T.);
#2762 = EDGE_LOOP('',(#2763));
#2763 = ORIENTED_EDGE('',*,*,#2764,.T.);
#2764 = EDGE_CURVE('',#2765,#2765,#2767,.T.);
#2765 = VERTEX_POINT('',#2766);
#2766 = CARTESIAN_POINT('',(57.5,-33.75,5.));
#2767 = CIRCLE('',#2768,1.25);
#2768 = AXIS2_PLACEMENT_3D('',#2769,#2770,#2771);
#2769 = CARTESIAN_POINT('',(56.25,-33.75,5.));
#2770 = DIRECTION('',(0.,0.,-1.));
#2771 = DIRECTION('',(1.,0.,0.));
#2772 = PLANE('',#2773);
#2773 = AXIS2_PLACEMENT_3D('',#2774,#2775,#2776);
#2774 = CARTESIAN_POINT('',(6.1E-16,-1.22E-15,5.));
#2775 = DIRECTION('',(0.,0.,1.));
#2776 = DIRECTION('',(1.,0.,0.));
#2777 = ADVANCED_FACE('',(#2778,#2781),#2792,.T.);
#2778 = FACE_BOUND('',#2779,.T.);
#2779 = EDGE_LOOP('',(#2780));
#2780 = ORIENTED_EDGE('',*,*,#1489,.T.);
#2781 = FACE_BOUND('',#2782,.T.);
#2782 = EDGE_LOOP('',(#2783));
#2783 = ORIENTED_EDGE('',*,*,#2784,.T.);
#2784 = EDGE_CURVE('',#2785,#2785,#2787,.T.);
#2785 = VERTEX_POINT('',#2786);
#2786 = CARTESIAN_POINT('',(-55.,33.75,5.));
#2787 = CIRCLE('',#2788,1.25);
#2788 = AXIS2_PLACEMENT_3D('',#2789,#2790,#2791);
#2789 = CARTESIAN_POINT('',(-56.25,33.75,5.));
#2790 = DIRECTION('',(0.,0.,-1.));
#2791 = DIRECTION('',(1.,0.,0.));
#2792 = PLANE('',#2793);
#2793 = AXIS2_PLACEMENT_3D('',#2794,#2795,#2796);
#2794 = CARTESIAN_POINT('',(6.1E-16,-1.22E-15,5.));
#2795 = DIRECTION('',(0.,0.,1.));
#2796 = DIRECTION('',(1.,0.,0.));
#2797 = ADVANCED_FACE('',(#2798,#2801),#2812,.T.);
#2798 = FACE_BOUND('',#2799,.T.);
#2799 = EDGE_LOOP('',(#2800));
#2800 = ORIENTED_EDGE('',*,*,#1710,.T.);
#2801 = FACE_BOUND('',#2802,.T.);
#2802 = EDGE_LOOP('',(#2803));
#2803 = ORIENTED_EDGE('',*,*,#2804,.T.);
#2804 = EDGE_CURVE('',#2805,#2805,#2807,.T.);
#2805 = VERTEX_POINT('',#2806);
#2806 = CARTESIAN_POINT('',(57.5,33.75,5.));
#2807 = CIRCLE('',#2808,1.25);
#2808 = AXIS2_PLACEMENT_3D('',#2809,#2810,#2811);
#2809 = CARTESIAN_POINT('',(56.25,33.75,5.));
#2810 = DIRECTION('',(0.,0.,-1.));
#2811 = DIRECTION('',(1.,0.,0.));
#2812 = PLANE('',#2813);
#2813 = AXIS2_PLACEMENT_3D('',#2814,#2815,#2816);
#2814 = CARTESIAN_POINT('',(6.1E-16,-1.22E-15,5.));
#2815 = DIRECTION('',(0.,0.,1.));
#2816 = DIRECTION('',(1.,0.,0.));
#2817 = ADVANCED_FACE('',(#2818),#2828,.T.);
#2818 = FACE_BOUND('',#2819,.T.);
#2819 = EDGE_LOOP('',(#2820,#2821,#2822,#2827));
#2820 = ORIENTED_EDGE('',*,*,#1806,.T.);
#2821 = ORIENTED_EDGE('',*,*,#1939,.T.);
#2822 = ORIENTED_EDGE('',*,*,#2823,.F.);
#2823 = EDGE_CURVE('',#1744,#1940,#2824,.T.);
#2824 = B_SPLINE_CURVE_WITH_KNOTS('',1,(#2825,#2826),.UNSPECIFIED.,.F.,
  .F.,(2,2),(0.,0.853478090308),.PIECEWISE_BEZIER_KNOTS.);
#2825 = CARTESIAN_POINT('',(-19.17794360146,-37.49979465289,
    7.430593925546));
#2826 = CARTESIAN_POINT('',(-18.03838609945,-38.4891736762,7.625));
#2827 = ORIENTED_EDGE('',*,*,#1743,.F.);
#2828 = B_SPLINE_SURFACE_WITH_KNOTS('',1,6,(
    (#2829,#2830,#2831,#2832,#2833,#2834,#2835,#2836,#2837,#2838,#2839
      ,#2840)
    ,(#2841,#2842,#2843,#2844,#2845,#2846,#2847,#2848,#2849,#2850,#2851
      ,#2852
    )),.UNSPECIFIED.,.F.,.F.,.F.,(2,2),(7,5,7),(0.,0.853478090308),(
    0.784820496781,1.422955972361,1.638298587088),.UNSPECIFIED.);
#2829 = CARTESIAN_POINT('',(-19.99887948504,-38.04068120484,
    7.000000627777));
#2830 = CARTESIAN_POINT('',(-19.88068816477,-37.94702641618,
    7.000133063003));
#2831 = CARTESIAN_POINT('',(-19.75526399866,-37.85549274025,
    7.017063415137));
#2832 = CARTESIAN_POINT('',(-19.62553089822,-37.76793266661,
    7.054460519703));
#2833 = CARTESIAN_POINT('',(-19.49120667496,-37.68558579545,
    7.116705007984));
#2834 = CARTESIAN_POINT('',(-19.37014916752,-37.61619169268,
    7.211464064866));
#2835 = CARTESIAN_POINT('',(-19.2446076857,-37.54390848423,
    7.343121563676));
#2836 = CARTESIAN_POINT('',(-19.23053841754,-37.53570392033,
    7.361366678052));
#2837 = CARTESIAN_POINT('',(-19.21692541639,-37.52705572765,
    7.377087150252));
#2838 = CARTESIAN_POINT('',(-19.20400610382,-37.51870133331,
    7.394169179485));
#2839 = CARTESIAN_POINT('',(-19.19089394219,-37.50948283812,
    7.411897408356));
#2840 = CARTESIAN_POINT('',(-19.17794360146,-37.49979465289,
    7.430593925546));
#2841 = CARTESIAN_POINT('',(-18.62518898108,-39.41619848709,7.));
#2842 = CARTESIAN_POINT('',(-18.53199563523,-39.29886539976,7.));
#2843 = CARTESIAN_POINT('',(-18.44109313329,-39.17491449615,
    7.016441056496));
#2844 = CARTESIAN_POINT('',(-18.35424769512,-39.04664695855,
    7.053328724822));
#2845 = CARTESIAN_POINT('',(-18.27198558146,-38.91537491775,
    7.112869608402));
#2846 = CARTESIAN_POINT('',(-18.19786687509,-38.78717735574,
    7.205489203578));
#2847 = CARTESIAN_POINT('',(-18.116566787,-38.63946458957,7.367742585846
    ));
#2848 = CARTESIAN_POINT('',(-18.09594887801,-38.60125046011,
    7.415212072829));
#2849 = CARTESIAN_POINT('',(-18.07861320334,-38.56788265119,
    7.464679894781));
#2850 = CARTESIAN_POINT('',(-18.0631208667,-38.53783965844,
    7.516110087191));
#2851 = CARTESIAN_POINT('',(-18.04975797369,-38.51163256893,
    7.569480131255));
#2852 = CARTESIAN_POINT('',(-18.03838609945,-38.4891736762,7.625));
#2853 = ADVANCED_FACE('',(#2854),#2882,.T.);
#2854 = FACE_BOUND('',#2855,.T.);
#2855 = EDGE_LOOP('',(#2856,#2857,#2876,#2881));
#2856 = ORIENTED_EDGE('',*,*,#2823,.T.);
#2857 = ORIENTED_EDGE('',*,*,#2858,.T.);
#2858 = EDGE_CURVE('',#1940,#2859,#2861,.T.);
#2859 = VERTEX_POINT('',#2860);
#2860 = CARTESIAN_POINT('',(-18.,-38.06217782649,8.499999999992));
#2861 = B_SPLINE_CURVE_WITH_KNOTS('',7,(#2862,#2863,#2864,#2865,#2866,
    #2867,#2868,#2869,#2870,#2871,#2872,#2873,#2874,#2875),
  .UNSPECIFIED.,.F.,.F.,(8,6,8),(1.63829858709,1.883660158482,
    2.499799688039),.UNSPECIFIED.);
#2862 = CARTESIAN_POINT('',(-18.03838609944,-38.4891736762,7.625));
#2863 = CARTESIAN_POINT('',(-18.02727999328,-38.46723966235,
    7.679222333452));
#2864 = CARTESIAN_POINT('',(-18.0181060196,-38.44449227088,
    7.733845090983));
#2865 = CARTESIAN_POINT('',(-18.01065061051,-38.42137521735,
    7.788058546546));
#2866 = CARTESIAN_POINT('',(-18.00516839832,-38.39739464744,
    7.842713005439));
#2867 = CARTESIAN_POINT('',(-18.00190344,-38.37247908199,7.897753647654)
  );
#2868 = CARTESIAN_POINT('',(-18.00061044161,-38.34833936215,
    7.949655371223));
#2869 = CARTESIAN_POINT('',(-17.99873387672,-38.28334529353,
    8.087300372825));
#2870 = CARTESIAN_POINT('',(-18.00113905533,-38.25613298093,
    8.140548786192));
#2871 = CARTESIAN_POINT('',(-17.99905880613,-38.21727177836,
    8.21948989346));
#2872 = CARTESIAN_POINT('',(-18.00051965628,-38.18058119311,
    8.287868627433));
#2873 = CARTESIAN_POINT('',(-17.99986021019,-38.14188673826,
    8.359903324256));
#2874 = CARTESIAN_POINT('',(-18.,-38.10252169225,8.430122374723));
#2875 = CARTESIAN_POINT('',(-18.,-38.06217782649,8.499999999992));
#2876 = ORIENTED_EDGE('',*,*,#2877,.F.);
#2877 = EDGE_CURVE('',#1761,#2859,#2878,.T.);
#2878 = B_SPLINE_CURVE_WITH_KNOTS('',1,(#2879,#2880),.UNSPECIFIED.,.F.,
  .F.,(2,2),(0.,0.861501100949),.PIECEWISE_BEZIER_KNOTS.);
#2879 = CARTESIAN_POINT('',(-19.,-37.1961524227,8.));
#2880 = CARTESIAN_POINT('',(-18.,-38.06217782649,8.499999999992));
#2881 = ORIENTED_EDGE('',*,*,#1760,.F.);
#2882 = B_SPLINE_SURFACE_WITH_KNOTS('',1,7,(
    (#2883,#2884,#2885,#2886,#2887,#2888,#2889,#2890,#2891,#2892,#2893
      ,#2894,#2895,#2896)
    ,(#2897,#2898,#2899,#2900,#2901,#2902,#2903,#2904,#2905,#2906,#2907
      ,#2908,#2909,#2910
    )),.UNSPECIFIED.,.F.,.F.,.F.,(2,2),(8,6,8),(0.,0.861501100949),(
    1.63829858709,1.883660158482,2.499799688039),.UNSPECIFIED.);
#2883 = CARTESIAN_POINT('',(-19.17794360146,-37.49979465289,
    7.430593925547));
#2884 = CARTESIAN_POINT('',(-19.16529591858,-37.49033288683,
    7.44885349302));
#2885 = CARTESIAN_POINT('',(-19.15274048778,-37.48036531933,
    7.467988129143));
#2886 = CARTESIAN_POINT('',(-19.14050748729,-37.4700240901,
    7.487785795104));
#2887 = CARTESIAN_POINT('',(-19.12868027876,-37.45936481416,7.5081459661
    ));
#2888 = CARTESIAN_POINT('',(-19.11723399668,-37.44835476474,
    7.529134851642));
#2889 = CARTESIAN_POINT('',(-19.10607413797,-37.43686105598,
    7.55104061586));
#2890 = CARTESIAN_POINT('',(-19.06745505431,-37.3939469813,
    7.633159311454));
#2891 = CARTESIAN_POINT('',(-19.04270084876,-37.36063641046,
    7.697525249026));
#2892 = CARTESIAN_POINT('',(-19.02633861345,-37.33026971619,
    7.756890462872));
#2893 = CARTESIAN_POINT('',(-19.01233559442,-37.29719303671,
    7.819336412776));
#2894 = CARTESIAN_POINT('',(-19.0042717574,-37.26457692123,
    7.879645920256));
#2895 = CARTESIAN_POINT('',(-19.,-37.23073287909,7.940104892584));
#2896 = CARTESIAN_POINT('',(-19.,-37.1961524227,8.));
#2897 = CARTESIAN_POINT('',(-18.03838609944,-38.4891736762,7.625));
#2898 = CARTESIAN_POINT('',(-18.02727999328,-38.46723966235,
    7.679222333452));
#2899 = CARTESIAN_POINT('',(-18.0181060196,-38.44449227088,
    7.733845090983));
#2900 = CARTESIAN_POINT('',(-18.01065061051,-38.42137521735,
    7.788058546546));
#2901 = CARTESIAN_POINT('',(-18.00516839832,-38.39739464744,
    7.842713005439));
#2902 = CARTESIAN_POINT('',(-18.00190344,-38.37247908199,7.897753647654)
  );
#2903 = CARTESIAN_POINT('',(-18.00061044161,-38.34833936215,
    7.949655371223));
#2904 = CARTESIAN_POINT('',(-17.99873387672,-38.28334529353,
    8.087300372825));
#2905 = CARTESIAN_POINT('',(-18.00113905533,-38.25613298093,
    8.140548786192));
#2906 = CARTESIAN_POINT('',(-17.99905880613,-38.21727177836,
    8.21948989346));
#2907 = CARTESIAN_POINT('',(-18.00051965628,-38.18058119311,
    8.287868627433));
#2908 = CARTESIAN_POINT('',(-17.99986021019,-38.14188673826,
    8.359903324256));
#2909 = CARTESIAN_POINT('',(-18.,-38.10252169225,8.430122374723));
#2910 = CARTESIAN_POINT('',(-18.,-38.06217782649,8.499999999992));
#2911 = ADVANCED_FACE('',(#2912),#2923,.F.);
#2912 = FACE_BOUND('',#2913,.T.);
#2913 = EDGE_LOOP('',(#2914,#2915,#2916,#2922));
#2914 = ORIENTED_EDGE('',*,*,#1912,.F.);
#2915 = ORIENTED_EDGE('',*,*,#2640,.T.);
#2916 = ORIENTED_EDGE('',*,*,#2917,.T.);
#2917 = EDGE_CURVE('',#2633,#2011,#2918,.T.);
#2918 = LINE('',#2919,#2920);
#2919 = CARTESIAN_POINT('',(-18.,-32.29289321881,8.707106781187));
#2920 = VECTOR('',#2921,1.);
#2921 = DIRECTION('',(0.707106781187,0.5,-0.5));
#2922 = ORIENTED_EDGE('',*,*,#2018,.F.);
#2923 = CONICAL_SURFACE('',#2924,1.,0.785398163397);
#2924 = AXIS2_PLACEMENT_3D('',#2925,#2926,#2927);
#2925 = CARTESIAN_POINT('',(-18.,-31.58578643762,8.));
#2926 = DIRECTION('',(-1.,-0.,-0.));
#2927 = DIRECTION('',(0.,-1.,0.));
#2928 = ADVANCED_FACE('',(#2929),#2939,.F.);
#2929 = FACE_BOUND('',#2930,.F.);
#2930 = EDGE_LOOP('',(#2931,#2932,#2933,#2938));
#2931 = ORIENTED_EDGE('',*,*,#2034,.T.);
#2932 = ORIENTED_EDGE('',*,*,#1964,.T.);
#2933 = ORIENTED_EDGE('',*,*,#2934,.F.);
#2934 = EDGE_CURVE('',#2191,#1957,#2935,.T.);
#2935 = B_SPLINE_CURVE_WITH_KNOTS('',1,(#2936,#2937),.UNSPECIFIED.,.F.,
  .F.,(2,2),(0.,0.85344816152),.PIECEWISE_BEZIER_KNOTS.);
#2936 = CARTESIAN_POINT('',(19.17794334305,-37.49979444041,7.43059429862
    ));
#2937 = CARTESIAN_POINT('',(18.038386093949,-38.4891736762,7.625));
#2938 = ORIENTED_EDGE('',*,*,#2209,.F.);
#2939 = B_SPLINE_SURFACE_WITH_KNOTS('',1,6,(
    (#2940,#2941,#2942,#2943,#2944,#2945,#2946,#2947,#2948,#2949,#2950
      ,#2951)
    ,(#2952,#2953,#2954,#2955,#2956,#2957,#2958,#2959,#2960,#2961,#2962
      ,#2963
    )),.UNSPECIFIED.,.F.,.F.,.F.,(2,2),(7,5,7),(0.,0.85344816152),(
    0.784787004174,1.422895072441,1.638235165694),.UNSPECIFIED.);
#2940 = CARTESIAN_POINT('',(19.998879402697,-38.04068114109,
    7.000000627869));
#2941 = CARTESIAN_POINT('',(19.880688125393,-37.94702639153,
    7.000133072779));
#2942 = CARTESIAN_POINT('',(19.755264001053,-37.85549275806,
    7.017063421412));
#2943 = CARTESIAN_POINT('',(19.625531162627,-37.76793284572,
    7.054460525767));
#2944 = CARTESIAN_POINT('',(19.491206894824,-37.68558593337,
    7.116704742145));
#2945 = CARTESIAN_POINT('',(19.370149343101,-37.61619193329,
    7.211464147986));
#2946 = CARTESIAN_POINT('',(19.244607888378,-37.54390855385,
    7.343121260942));
#2947 = CARTESIAN_POINT('',(19.230537315359,-37.53570319235,
    7.361367868693));
#2948 = CARTESIAN_POINT('',(19.216923375146,-37.52705436769,
    7.377089682918));
#2949 = CARTESIAN_POINT('',(19.204004172513,-37.51869993732,
    7.394171754397));
#2950 = CARTESIAN_POINT('',(19.190892617621,-37.50948181863,
    7.411899302526));
#2951 = CARTESIAN_POINT('',(19.17794334305,-37.49979444041,7.43059429862
    ));
#2952 = CARTESIAN_POINT('',(18.625188969277,-39.41619848709,7.));
#2953 = CARTESIAN_POINT('',(18.531995696517,-39.29886550569,7.));
#2954 = CARTESIAN_POINT('',(18.441093281781,-39.17491476797,
    7.016440963628));
#2955 = CARTESIAN_POINT('',(18.354248061618,-39.04664752527,
    7.053328819344));
#2956 = CARTESIAN_POINT('',(18.271985938525,-38.91537585187,
    7.112868805271));
#2957 = CARTESIAN_POINT('',(18.197866901688,-38.78717743141,
    7.205489090322));
#2958 = CARTESIAN_POINT('',(18.116566075896,-38.63946328834,
    7.367744025334));
#2959 = CARTESIAN_POINT('',(18.095947251826,-38.60124746706,
    7.415215743185));
#2960 = CARTESIAN_POINT('',(18.078611325545,-38.5678790505,
    7.464685380048));
#2961 = CARTESIAN_POINT('',(18.063119272747,-38.53783658309,
    7.516115986683));
#2962 = CARTESIAN_POINT('',(18.049757121964,-38.51163091367,
    7.569484223172));
#2963 = CARTESIAN_POINT('',(18.038386093949,-38.4891736762,7.625));
#2964 = ADVANCED_FACE('',(#2965),#3012,.T.);
#2965 = FACE_BOUND('',#2966,.F.);
#2966 = EDGE_LOOP('',(#2967,#2977,#2986,#3003,#3004,#3005));
#2967 = ORIENTED_EDGE('',*,*,#2968,.T.);
#2968 = EDGE_CURVE('',#2969,#2971,#2973,.T.);
#2969 = VERTEX_POINT('',#2970);
#2970 = CARTESIAN_POINT('',(-18.,-36.9497474683,9.949747468306));
#2971 = VERTEX_POINT('',#2972);
#2972 = CARTESIAN_POINT('',(18.,-36.9497474683,9.949747468306));
#2973 = LINE('',#2974,#2975);
#2974 = CARTESIAN_POINT('',(-19.,-36.9497474683,9.949747468306));
#2975 = VECTOR('',#2976,1.);
#2976 = DIRECTION('',(1.,0.,0.));
#2977 = ORIENTED_EDGE('',*,*,#2978,.F.);
#2978 = EDGE_CURVE('',#2979,#2971,#2981,.T.);
#2979 = VERTEX_POINT('',#2980);
#2980 = CARTESIAN_POINT('',(18.,-38.06217782649,8.499999999997));
#2981 = CIRCLE('',#2982,7.);
#2982 = AXIS2_PLACEMENT_3D('',#2983,#2984,#2985);
#2983 = CARTESIAN_POINT('',(18.,-32.,5.));
#2984 = DIRECTION('',(-1.,0.,0.));
#2985 = DIRECTION('',(0.,-0.903507902905,0.428571428571));
#2986 = ORIENTED_EDGE('',*,*,#2987,.F.);
#2987 = EDGE_CURVE('',#1957,#2979,#2988,.T.);
#2988 = B_SPLINE_CURVE_WITH_KNOTS('',7,(#2989,#2990,#2991,#2992,#2993,
    #2994,#2995,#2996,#2997,#2998,#2999,#3000,#3001,#3002),
  .UNSPECIFIED.,.F.,.F.,(8,6,8),(1.638235165696,1.883623616468,
    2.499799688255),.UNSPECIFIED.);
#2989 = CARTESIAN_POINT('',(18.038386093942,-38.4891736762,7.625));
#2990 = CARTESIAN_POINT('',(18.02727946759,-38.46723861939,
    7.679224911717));
#2991 = CARTESIAN_POINT('',(18.018105538137,-38.44449091035,
    7.733848320509));
#2992 = CARTESIAN_POINT('',(18.01065042185,-38.42137408643,
    7.788061088204));
#2993 = CARTESIAN_POINT('',(18.005168476661,-38.39739419194,
    7.842713931014));
#2994 = CARTESIAN_POINT('',(18.001903593373,-38.37247952203,
    7.897752629523));
#2995 = CARTESIAN_POINT('',(18.000610486875,-38.34834036655,
    7.949653238679));
#2996 = CARTESIAN_POINT('',(17.998733846667,-38.28334566661,
    8.087299596318));
#2997 = CARTESIAN_POINT('',(18.001139112975,-38.25613341058,
    8.140547962842));
#2998 = CARTESIAN_POINT('',(17.999058740696,-38.21727104906,8.2194913532
    ));
#2999 = CARTESIAN_POINT('',(18.000519697817,-38.18058169076,
    8.287867618305));
#3000 = CARTESIAN_POINT('',(17.999860198181,-38.14188659176,
    8.359903623206));
#3001 = CARTESIAN_POINT('',(18.,-38.10252169225,8.430122374727));
#3002 = CARTESIAN_POINT('',(18.,-38.06217782649,8.499999999997));
#3003 = ORIENTED_EDGE('',*,*,#1956,.F.);
#3004 = ORIENTED_EDGE('',*,*,#2858,.T.);
#3005 = ORIENTED_EDGE('',*,*,#3006,.T.);
#3006 = EDGE_CURVE('',#2859,#2969,#3007,.T.);
#3007 = CIRCLE('',#3008,7.);
#3008 = AXIS2_PLACEMENT_3D('',#3009,#3010,#3011);
#3009 = CARTESIAN_POINT('',(-18.,-32.,5.));
#3010 = DIRECTION('',(-1.,0.,0.));
#3011 = DIRECTION('',(0.,-0.903507902905,0.428571428571));
#3012 = CYLINDRICAL_SURFACE('',#3013,7.);
#3013 = AXIS2_PLACEMENT_3D('',#3014,#3015,#3016);
#3014 = CARTESIAN_POINT('',(-19.,-32.,5.));
#3015 = DIRECTION('',(1.,0.,0.));
#3016 = DIRECTION('',(0.,-1.,0.));
#3017 = ADVANCED_FACE('',(#3018),#3029,.F.);
#3018 = FACE_BOUND('',#3019,.F.);
#3019 = EDGE_LOOP('',(#3020,#3021,#3022,#3028));
#3020 = ORIENTED_EDGE('',*,*,#2142,.F.);
#3021 = ORIENTED_EDGE('',*,*,#2234,.T.);
#3022 = ORIENTED_EDGE('',*,*,#3023,.T.);
#3023 = EDGE_CURVE('',#2235,#2002,#3024,.T.);
#3024 = LINE('',#3025,#3026);
#3025 = CARTESIAN_POINT('',(18.,-32.29289321881,8.707106781187));
#3026 = VECTOR('',#3027,1.);
#3027 = DIRECTION('',(-0.707106781187,0.5,-0.5));
#3028 = ORIENTED_EDGE('',*,*,#2001,.F.);
#3029 = CONICAL_SURFACE('',#3030,1.,0.785398163397);
#3030 = AXIS2_PLACEMENT_3D('',#3031,#3032,#3033);
#3031 = CARTESIAN_POINT('',(18.,-31.58578643762,8.));
#3032 = DIRECTION('',(1.,-0.,-0.));
#3033 = DIRECTION('',(0.,-1.,0.));
#3034 = ADVANCED_FACE('',(#3035,#3051,#3062,#3073,#3084,#3154),#3165,.F.
  );
#3035 = FACE_BOUND('',#3036,.F.);
#3036 = EDGE_LOOP('',(#3037,#3038,#3044,#3045));
#3037 = ORIENTED_EDGE('',*,*,#2010,.F.);
#3038 = ORIENTED_EDGE('',*,*,#3039,.T.);
#3039 = EDGE_CURVE('',#2002,#2411,#3040,.T.);
#3040 = LINE('',#3041,#3042);
#3041 = CARTESIAN_POINT('',(18.,-32.29289321881,8.707106781187));
#3042 = VECTOR('',#3043,1.);
#3043 = DIRECTION('',(0.,0.707106781187,0.707106781187));
#3044 = ORIENTED_EDGE('',*,*,#2410,.T.);
#3045 = ORIENTED_EDGE('',*,*,#3046,.F.);
#3046 = EDGE_CURVE('',#2011,#2403,#3047,.T.);
#3047 = LINE('',#3048,#3049);
#3048 = CARTESIAN_POINT('',(-18.,-32.29289321881,8.707106781187));
#3049 = VECTOR('',#3050,1.);
#3050 = DIRECTION('',(0.,0.707106781187,0.707106781187));
#3051 = FACE_BOUND('',#3052,.F.);
#3052 = EDGE_LOOP('',(#3053));
#3053 = ORIENTED_EDGE('',*,*,#3054,.F.);
#3054 = EDGE_CURVE('',#3055,#3055,#3057,.T.);
#3055 = VERTEX_POINT('',#3056);
#3056 = CARTESIAN_POINT('',(14.2,-6.320889244992,34.679110755008));
#3057 = CIRCLE('',#3058,2.05);
#3058 = AXIS2_PLACEMENT_3D('',#3059,#3060,#3061);
#3059 = CARTESIAN_POINT('',(12.15,-6.320889244992,34.679110755008));
#3060 = DIRECTION('',(0.,-0.707106781187,0.707106781187));
#3061 = DIRECTION('',(1.,0.,0.));
#3062 = FACE_BOUND('',#3063,.F.);
#3063 = EDGE_LOOP('',(#3064));
#3064 = ORIENTED_EDGE('',*,*,#3065,.F.);
#3065 = EDGE_CURVE('',#3066,#3066,#3068,.T.);
#3066 = VERTEX_POINT('',#3067);
#3067 = CARTESIAN_POINT('',(-10.1,-6.320889244992,34.679110755008));
#3068 = CIRCLE('',#3069,2.05);
#3069 = AXIS2_PLACEMENT_3D('',#3070,#3071,#3072);
#3070 = CARTESIAN_POINT('',(-12.15,-6.320889244992,34.679110755008));
#3071 = DIRECTION('',(0.,-0.707106781187,0.707106781187));
#3072 = DIRECTION('',(1.,0.,0.));
#3073 = FACE_BOUND('',#3074,.F.);
#3074 = EDGE_LOOP('',(#3075));
#3075 = ORIENTED_EDGE('',*,*,#3076,.F.);
#3076 = EDGE_CURVE('',#3077,#3077,#3079,.T.);
#3077 = VERTEX_POINT('',#3078);
#3078 = CARTESIAN_POINT('',(14.200000000021,-23.92784809653,
    17.072151903463));
#3079 = CIRCLE('',#3080,2.05);
#3080 = AXIS2_PLACEMENT_3D('',#3081,#3082,#3083);
#3081 = CARTESIAN_POINT('',(12.150000000021,-23.92784809653,
    17.072151903463));
#3082 = DIRECTION('',(0.,-0.707106781187,0.707106781187));
#3083 = DIRECTION('',(1.,0.,0.));
#3084 = FACE_BOUND('',#3085,.F.);
#3085 = EDGE_LOOP('',(#3086,#3097,#3105,#3114,#3122,#3131,#3139,#3148));
#3086 = ORIENTED_EDGE('',*,*,#3087,.F.);
#3087 = EDGE_CURVE('',#3088,#3090,#3092,.T.);
#3088 = VERTEX_POINT('',#3089);
#3089 = CARTESIAN_POINT('',(7.,-8.406854249492,32.593145750508));
#3090 = VERTEX_POINT('',#3091);
#3091 = CARTESIAN_POINT('',(6.,-7.699747468306,33.300252531694));
#3092 = CIRCLE('',#3093,1.);
#3093 = AXIS2_PLACEMENT_3D('',#3094,#3095,#3096);
#3094 = CARTESIAN_POINT('',(6.,-8.406854249492,32.593145750508));
#3095 = DIRECTION('',(0.,-0.707106781187,0.707106781187));
#3096 = DIRECTION('',(1.,0.,0.));
#3097 = ORIENTED_EDGE('',*,*,#3098,.T.);
#3098 = EDGE_CURVE('',#3088,#3099,#3101,.T.);
#3099 = VERTEX_POINT('',#3100);
#3100 = CARTESIAN_POINT('',(7.,-21.84188309203,19.158116907963));
#3101 = LINE('',#3102,#3103);
#3102 = CARTESIAN_POINT('',(7.,-27.92094154601,13.079058453982));
#3103 = VECTOR('',#3104,1.);
#3104 = DIRECTION('',(0.,-0.707106781187,-0.707106781187));
#3105 = ORIENTED_EDGE('',*,*,#3106,.F.);
#3106 = EDGE_CURVE('',#3107,#3099,#3109,.T.);
#3107 = VERTEX_POINT('',#3108);
#3108 = CARTESIAN_POINT('',(6.,-22.54898987322,18.451010126777));
#3109 = CIRCLE('',#3110,1.);
#3110 = AXIS2_PLACEMENT_3D('',#3111,#3112,#3113);
#3111 = CARTESIAN_POINT('',(6.,-21.84188309203,19.158116907963));
#3112 = DIRECTION('',(0.,-0.707106781187,0.707106781187));
#3113 = DIRECTION('',(1.,0.,0.));
#3114 = ORIENTED_EDGE('',*,*,#3115,.T.);
#3115 = EDGE_CURVE('',#3107,#3116,#3118,.T.);
#3116 = VERTEX_POINT('',#3117);
#3117 = CARTESIAN_POINT('',(-6.,-22.54898987322,18.451010126777));
#3118 = LINE('',#3119,#3120);
#3119 = CARTESIAN_POINT('',(6.5,-22.54898987322,18.451010126777));
#3120 = VECTOR('',#3121,1.);
#3121 = DIRECTION('',(-1.,0.,0.));
#3122 = ORIENTED_EDGE('',*,*,#3123,.F.);
#3123 = EDGE_CURVE('',#3124,#3116,#3126,.T.);
#3124 = VERTEX_POINT('',#3125);
#3125 = CARTESIAN_POINT('',(-7.,-21.84188309203,19.158116907963));
#3126 = CIRCLE('',#3127,1.);
#3127 = AXIS2_PLACEMENT_3D('',#3128,#3129,#3130);
#3128 = CARTESIAN_POINT('',(-6.,-21.84188309203,19.158116907963));
#3129 = DIRECTION('',(0.,-0.707106781187,0.707106781187));
#3130 = DIRECTION('',(1.,0.,0.));
#3131 = ORIENTED_EDGE('',*,*,#3132,.T.);
#3132 = EDGE_CURVE('',#3124,#3133,#3135,.T.);
#3133 = VERTEX_POINT('',#3134);
#3134 = CARTESIAN_POINT('',(-7.,-8.406854249492,32.593145750508));
#3135 = LINE('',#3136,#3137);
#3136 = CARTESIAN_POINT('',(-7.,-21.20342712474,19.796572875254));
#3137 = VECTOR('',#3138,1.);
#3138 = DIRECTION('',(0.,0.707106781187,0.707106781187));
#3139 = ORIENTED_EDGE('',*,*,#3140,.F.);
#3140 = EDGE_CURVE('',#3141,#3133,#3143,.T.);
#3141 = VERTEX_POINT('',#3142);
#3142 = CARTESIAN_POINT('',(-6.,-7.699747468306,33.300252531694));
#3143 = CIRCLE('',#3144,1.);
#3144 = AXIS2_PLACEMENT_3D('',#3145,#3146,#3147);
#3145 = CARTESIAN_POINT('',(-6.,-8.406854249492,32.593145750508));
#3146 = DIRECTION('',(0.,-0.707106781187,0.707106781187));
#3147 = DIRECTION('',(1.,0.,0.));
#3148 = ORIENTED_EDGE('',*,*,#3149,.T.);
#3149 = EDGE_CURVE('',#3141,#3090,#3150,.T.);
#3150 = LINE('',#3151,#3152);
#3151 = CARTESIAN_POINT('',(12.5,-7.699747468306,33.300252531694));
#3152 = VECTOR('',#3153,1.);
#3153 = DIRECTION('',(1.,0.,0.));
#3154 = FACE_BOUND('',#3155,.F.);
#3155 = EDGE_LOOP('',(#3156));
#3156 = ORIENTED_EDGE('',*,*,#3157,.F.);
#3157 = EDGE_CURVE('',#3158,#3158,#3160,.T.);
#3158 = VERTEX_POINT('',#3159);
#3159 = CARTESIAN_POINT('',(-10.10000000002,-23.92784809653,
    17.072151903463));
#3160 = CIRCLE('',#3161,2.05);
#3161 = AXIS2_PLACEMENT_3D('',#3162,#3163,#3164);
#3162 = CARTESIAN_POINT('',(-12.15000000002,-23.92784809653,
    17.072151903463));
#3163 = DIRECTION('',(0.,-0.707106781187,0.707106781187));
#3164 = DIRECTION('',(1.,0.,0.));
#3165 = PLANE('',#3166);
#3166 = AXIS2_PLACEMENT_3D('',#3167,#3168,#3169);
#3167 = CARTESIAN_POINT('',(19.,-34.,7.));
#3168 = DIRECTION('',(0.,-0.707106781187,0.707106781187));
#3169 = DIRECTION('',(-1.,0.,0.));
#3170 = ADVANCED_FACE('',(#3171),#3181,.F.);
#3171 = FACE_BOUND('',#3172,.F.);
#3172 = EDGE_LOOP('',(#3173,#3174,#3175,#3180));
#3173 = ORIENTED_EDGE('',*,*,#2934,.T.);
#3174 = ORIENTED_EDGE('',*,*,#2987,.T.);
#3175 = ORIENTED_EDGE('',*,*,#3176,.F.);
#3176 = EDGE_CURVE('',#2183,#2979,#3177,.T.);
#3177 = B_SPLINE_CURVE_WITH_KNOTS('',1,(#3178,#3179),.UNSPECIFIED.,.F.,
  .F.,(2,2),(0.,0.861564522559),.PIECEWISE_BEZIER_KNOTS.);
#3178 = CARTESIAN_POINT('',(19.,-37.1961524227,8.));
#3179 = CARTESIAN_POINT('',(18.,-38.06217782649,8.499999999997));
#3180 = ORIENTED_EDGE('',*,*,#2190,.F.);
#3181 = B_SPLINE_SURFACE_WITH_KNOTS('',1,7,(
    (#3182,#3183,#3184,#3185,#3186,#3187,#3188,#3189,#3190,#3191,#3192
      ,#3193,#3194,#3195)
    ,(#3196,#3197,#3198,#3199,#3200,#3201,#3202,#3203,#3204,#3205,#3206
      ,#3207,#3208,#3209
    )),.UNSPECIFIED.,.F.,.F.,.F.,(2,2),(8,6,8),(0.,0.861564522559),(
    1.638235165696,1.883623616468,2.499799688255),.UNSPECIFIED.);
#3182 = CARTESIAN_POINT('',(19.17794334305,-37.49979444041,7.43059429862
    ));
#3183 = CARTESIAN_POINT('',(19.165295167874,-37.49033231525,
    7.448854594533));
#3184 = CARTESIAN_POINT('',(19.152739632265,-37.4803646071,
    7.467989519185));
#3185 = CARTESIAN_POINT('',(19.140506991599,-37.47002364072,
    7.487786686199));
#3186 = CARTESIAN_POINT('',(19.128680314122,-37.4593648268,
    7.508145968528));
#3187 = CARTESIAN_POINT('',(19.11723435124,-37.44835509996,
    7.529134228992));
#3188 = CARTESIAN_POINT('',(19.106074407789,-37.43686135672,
    7.551040050828));
#3189 = CARTESIAN_POINT('',(19.067455978284,-37.39394800571,
    7.63315732492));
#3190 = CARTESIAN_POINT('',(19.042699668134,-37.36063530713,
    7.697527249921));
#3191 = CARTESIAN_POINT('',(19.02633958756,-37.33027050728,7.75688908271
    ));
#3192 = CARTESIAN_POINT('',(19.012335080053,-37.29719264319,
    7.819337083208));
#3193 = CARTESIAN_POINT('',(19.004271890796,-37.26457702062,
    7.87964575324));
#3194 = CARTESIAN_POINT('',(19.,-37.23073287908,7.94010489261));
#3195 = CARTESIAN_POINT('',(19.,-37.1961524227,8.));
#3196 = CARTESIAN_POINT('',(18.038386093942,-38.4891736762,7.625));
#3197 = CARTESIAN_POINT('',(18.02727946759,-38.46723861939,
    7.679224911717));
#3198 = CARTESIAN_POINT('',(18.018105538137,-38.44449091035,
    7.733848320509));
#3199 = CARTESIAN_POINT('',(18.01065042185,-38.42137408643,
    7.788061088204));
#3200 = CARTESIAN_POINT('',(18.005168476661,-38.39739419194,
    7.842713931014));
#3201 = CARTESIAN_POINT('',(18.001903593373,-38.37247952203,
    7.897752629523));
#3202 = CARTESIAN_POINT('',(18.000610486875,-38.34834036655,
    7.949653238679));
#3203 = CARTESIAN_POINT('',(17.998733846667,-38.28334566661,
    8.087299596318));
#3204 = CARTESIAN_POINT('',(18.001139112975,-38.25613341058,
    8.140547962842));
#3205 = CARTESIAN_POINT('',(17.999058740696,-38.21727104906,8.2194913532
    ));
#3206 = CARTESIAN_POINT('',(18.000519697817,-38.18058169076,
    8.287867618305));
#3207 = CARTESIAN_POINT('',(17.999860198181,-38.14188659176,
    8.359903623206));
#3208 = CARTESIAN_POINT('',(18.,-38.10252169225,8.430122374727));
#3209 = CARTESIAN_POINT('',(18.,-38.06217782649,8.499999999997));
#3210 = ADVANCED_FACE('',(#3211),#3222,.T.);
#3211 = FACE_BOUND('',#3212,.T.);
#3212 = EDGE_LOOP('',(#3213,#3214,#3215,#3221));
#3213 = ORIENTED_EDGE('',*,*,#3176,.F.);
#3214 = ORIENTED_EDGE('',*,*,#2292,.T.);
#3215 = ORIENTED_EDGE('',*,*,#3216,.T.);
#3216 = EDGE_CURVE('',#2285,#2971,#3217,.T.);
#3217 = LINE('',#3218,#3219);
#3218 = CARTESIAN_POINT('',(18.,-36.9497474683,9.949747468306));
#3219 = VECTOR('',#3220,1.);
#3220 = DIRECTION('',(-0.707106781187,-0.5,0.5));
#3221 = ORIENTED_EDGE('',*,*,#2978,.F.);
#3222 = CONICAL_SURFACE('',#3223,7.,0.785398163397);
#3223 = AXIS2_PLACEMENT_3D('',#3224,#3225,#3226);
#3224 = CARTESIAN_POINT('',(18.,-32.,5.));
#3225 = DIRECTION('',(-1.,0.,0.));
#3226 = DIRECTION('',(0.,-0.903507902905,0.428571428571));
#3227 = ADVANCED_FACE('',(#3228),#3239,.F.);
#3228 = FACE_BOUND('',#3229,.F.);
#3229 = EDGE_LOOP('',(#3230,#3231,#3232,#3238));
#3230 = ORIENTED_EDGE('',*,*,#3023,.F.);
#3231 = ORIENTED_EDGE('',*,*,#2243,.T.);
#3232 = ORIENTED_EDGE('',*,*,#3233,.T.);
#3233 = EDGE_CURVE('',#2244,#2411,#3234,.T.);
#3234 = LINE('',#3235,#3236);
#3235 = CARTESIAN_POINT('',(4.406679912738,-2.75,19.026142374915));
#3236 = VECTOR('',#3237,1.);
#3237 = DIRECTION('',(-0.57735026919,-6.E-17,-0.816496580928));
#3238 = ORIENTED_EDGE('',*,*,#3039,.F.);
#3239 = PLANE('',#3240);
#3240 = AXIS2_PLACEMENT_3D('',#3241,#3242,#3243);
#3241 = CARTESIAN_POINT('',(18.5,-32.6464466094,9.06066017178));
#3242 = DIRECTION('',(-0.707106781187,-0.5,0.5));
#3243 = DIRECTION('',(-1.110223024625E-16,0.707106781187,0.707106781187)
  );
#3244 = ADVANCED_FACE('',(#3245),#3263,.T.);
#3245 = FACE_BOUND('',#3246,.T.);
#3246 = EDGE_LOOP('',(#3247,#3248,#3249,#3257));
#3247 = ORIENTED_EDGE('',*,*,#3216,.F.);
#3248 = ORIENTED_EDGE('',*,*,#2284,.T.);
#3249 = ORIENTED_EDGE('',*,*,#3250,.T.);
#3250 = EDGE_CURVE('',#2277,#3251,#3253,.T.);
#3251 = VERTEX_POINT('',#3252);
#3252 = CARTESIAN_POINT('',(18.,-0.75,46.149494936612));
#3253 = LINE('',#3254,#3255);
#3254 = CARTESIAN_POINT('',(34.926653420595,-0.75,22.211592103617));
#3255 = VECTOR('',#3256,1.);
#3256 = DIRECTION('',(-0.57735026919,0.,0.816496580928));
#3257 = ORIENTED_EDGE('',*,*,#3258,.F.);
#3258 = EDGE_CURVE('',#2971,#3251,#3259,.T.);
#3259 = LINE('',#3260,#3261);
#3260 = CARTESIAN_POINT('',(18.,-36.9497474683,9.949747468306));
#3261 = VECTOR('',#3262,1.);
#3262 = DIRECTION('',(0.,0.707106781187,0.707106781187));
#3263 = PLANE('',#3264);
#3264 = AXIS2_PLACEMENT_3D('',#3265,#3266,#3267);
#3265 = CARTESIAN_POINT('',(18.5,-36.59619407771,9.596194077713));
#3266 = DIRECTION('',(0.707106781187,-0.5,0.5));
#3267 = DIRECTION('',(0.,0.707106781187,0.707106781187));
#3268 = ADVANCED_FACE('',(#3269),#3275,.F.);
#3269 = FACE_BOUND('',#3270,.T.);
#3270 = EDGE_LOOP('',(#3271,#3272,#3273,#3274));
#3271 = ORIENTED_EDGE('',*,*,#2361,.F.);
#3272 = ORIENTED_EDGE('',*,*,#2251,.T.);
#3273 = ORIENTED_EDGE('',*,*,#3233,.T.);
#3274 = ORIENTED_EDGE('',*,*,#2418,.F.);
#3275 = PLANE('',#3276);
#3276 = AXIS2_PLACEMENT_3D('',#3277,#3278,#3279);
#3277 = CARTESIAN_POINT('',(18.5,27.146446609407,9.06066017178));
#3278 = DIRECTION('',(-0.707106781187,0.5,0.5));
#3279 = DIRECTION('',(5.551115123126E-17,0.707106781187,-0.707106781187)
  );
#3280 = ADVANCED_FACE('',(#3281),#3297,.F.);
#3281 = FACE_BOUND('',#3282,.F.);
#3282 = EDGE_LOOP('',(#3283,#3289,#3290,#3291));
#3283 = ORIENTED_EDGE('',*,*,#3284,.F.);
#3284 = EDGE_CURVE('',#2268,#2503,#3285,.T.);
#3285 = LINE('',#3286,#3287);
#3286 = CARTESIAN_POINT('',(18.,33.449747468306,11.949747468306));
#3287 = VECTOR('',#3288,1.);
#3288 = DIRECTION('',(-0.707106781187,0.5,0.5));
#3289 = ORIENTED_EDGE('',*,*,#2276,.T.);
#3290 = ORIENTED_EDGE('',*,*,#3250,.T.);
#3291 = ORIENTED_EDGE('',*,*,#3292,.F.);
#3292 = EDGE_CURVE('',#2503,#3251,#3293,.T.);
#3293 = LINE('',#3294,#3295);
#3294 = CARTESIAN_POINT('',(18.,33.449747468306,11.949747468306));
#3295 = VECTOR('',#3296,1.);
#3296 = DIRECTION('',(0.,-0.707106781187,0.707106781187));
#3297 = PLANE('',#3298);
#3298 = AXIS2_PLACEMENT_3D('',#3299,#3300,#3301);
#3299 = CARTESIAN_POINT('',(18.5,33.096194077713,11.596194077713));
#3300 = DIRECTION('',(-0.707106781187,-0.5,-0.5));
#3301 = DIRECTION('',(-8.326672684689E-17,-0.707106781187,0.707106781187
    ));
#3302 = ADVANCED_FACE('',(#3303),#3309,.T.);
#3303 = FACE_BOUND('',#3304,.F.);
#3304 = EDGE_LOOP('',(#3305,#3306,#3307,#3308));
#3305 = ORIENTED_EDGE('',*,*,#2325,.F.);
#3306 = ORIENTED_EDGE('',*,*,#2267,.T.);
#3307 = ORIENTED_EDGE('',*,*,#3284,.T.);
#3308 = ORIENTED_EDGE('',*,*,#2538,.F.);
#3309 = CONICAL_SURFACE('',#3310,7.,0.785398163397);
#3310 = AXIS2_PLACEMENT_3D('',#3311,#3312,#3313);
#3311 = CARTESIAN_POINT('',(18.,28.5,7.));
#3312 = DIRECTION('',(-1.,0.,0.));
#3313 = DIRECTION('',(0.,0.989743318611,0.142857142857));
#3314 = ADVANCED_FACE('',(#3315),#3326,.F.);
#3315 = FACE_BOUND('',#3316,.T.);
#3316 = EDGE_LOOP('',(#3317,#3318,#3319,#3325));
#3317 = ORIENTED_EDGE('',*,*,#2378,.F.);
#3318 = ORIENTED_EDGE('',*,*,#2402,.T.);
#3319 = ORIENTED_EDGE('',*,*,#3320,.T.);
#3320 = EDGE_CURVE('',#2403,#2625,#3321,.T.);
#3321 = LINE('',#3322,#3323);
#3322 = CARTESIAN_POINT('',(-4.406679912738,-2.75,19.026142374915));
#3323 = VECTOR('',#3324,1.);
#3324 = DIRECTION('',(-0.57735026919,1.3E-16,0.816496580928));
#3325 = ORIENTED_EDGE('',*,*,#2624,.F.);
#3326 = PLANE('',#3327);
#3327 = AXIS2_PLACEMENT_3D('',#3328,#3329,#3330);
#3328 = CARTESIAN_POINT('',(-18.5,27.146446609407,9.06066017178));
#3329 = DIRECTION('',(0.707106781187,0.5,0.5));
#3330 = DIRECTION('',(5.551115123126E-17,0.707106781187,-0.707106781187)
  );
#3331 = ADVANCED_FACE('',(#3332),#3358,.F.);
#3332 = FACE_BOUND('',#3333,.F.);
#3333 = EDGE_LOOP('',(#3334,#3345,#3351,#3352));
#3334 = ORIENTED_EDGE('',*,*,#3335,.F.);
#3335 = EDGE_CURVE('',#3336,#3338,#3340,.T.);
#3336 = VERTEX_POINT('',#3337);
#3337 = CARTESIAN_POINT('',(9.,25.671572875254,19.727922061358));
#3338 = VERTEX_POINT('',#3339);
#3339 = CARTESIAN_POINT('',(8.,26.37867965644,19.020815280171));
#3340 = CIRCLE('',#3341,1.);
#3341 = AXIS2_PLACEMENT_3D('',#3342,#3343,#3344);
#3342 = CARTESIAN_POINT('',(8.,25.671572875254,19.727922061358));
#3343 = DIRECTION('',(0.,0.707106781187,0.707106781187));
#3344 = DIRECTION('',(-1.,0.,0.));
#3345 = ORIENTED_EDGE('',*,*,#3346,.T.);
#3346 = EDGE_CURVE('',#3336,#2427,#3347,.T.);
#3347 = LINE('',#3348,#3349);
#3348 = CARTESIAN_POINT('',(9.,25.671572875254,19.727922061358));
#3349 = VECTOR('',#3350,1.);
#3350 = DIRECTION('',(-0.,-0.707106781187,-0.707106781187));
#3351 = ORIENTED_EDGE('',*,*,#2426,.T.);
#3352 = ORIENTED_EDGE('',*,*,#3353,.F.);
#3353 = EDGE_CURVE('',#3338,#2429,#3354,.T.);
#3354 = LINE('',#3355,#3356);
#3355 = CARTESIAN_POINT('',(8.,26.37867965644,19.020815280171));
#3356 = VECTOR('',#3357,1.);
#3357 = DIRECTION('',(-0.,-0.707106781187,-0.707106781187));
#3358 = CYLINDRICAL_SURFACE('',#3359,1.);
#3359 = AXIS2_PLACEMENT_3D('',#3360,#3361,#3362);
#3360 = CARTESIAN_POINT('',(8.,25.671572875254,19.727922061358));
#3361 = DIRECTION('',(0.,0.707106781187,0.707106781187));
#3362 = DIRECTION('',(-1.,0.,0.));
#3363 = ADVANCED_FACE('',(#3364),#3382,.F.);
#3364 = FACE_BOUND('',#3365,.F.);
#3365 = EDGE_LOOP('',(#3366,#3374,#3375,#3376));
#3366 = ORIENTED_EDGE('',*,*,#3367,.F.);
#3367 = EDGE_CURVE('',#3338,#3368,#3370,.T.);
#3368 = VERTEX_POINT('',#3369);
#3369 = CARTESIAN_POINT('',(-8.,26.37867965644,19.020815280171));
#3370 = LINE('',#3371,#3372);
#3371 = CARTESIAN_POINT('',(8.,26.37867965644,19.020815280171));
#3372 = VECTOR('',#3373,1.);
#3373 = DIRECTION('',(-1.,0.,0.));
#3374 = ORIENTED_EDGE('',*,*,#3353,.T.);
#3375 = ORIENTED_EDGE('',*,*,#2488,.F.);
#3376 = ORIENTED_EDGE('',*,*,#3377,.F.);
#3377 = EDGE_CURVE('',#3368,#2480,#3378,.T.);
#3378 = LINE('',#3379,#3380);
#3379 = CARTESIAN_POINT('',(-8.,26.37867965644,19.020815280171));
#3380 = VECTOR('',#3381,1.);
#3381 = DIRECTION('',(-0.,-0.707106781187,-0.707106781187));
#3382 = PLANE('',#3383);
#3383 = AXIS2_PLACEMENT_3D('',#3384,#3385,#3386);
#3384 = CARTESIAN_POINT('',(8.,26.37867965644,19.020815280171));
#3385 = DIRECTION('',(0.,0.707106781187,-0.707106781187));
#3386 = DIRECTION('',(-1.,0.,0.));
#3387 = ADVANCED_FACE('',(#3388),#3407,.F.);
#3388 = FACE_BOUND('',#3389,.F.);
#3389 = EDGE_LOOP('',(#3390,#3399,#3400,#3401));
#3390 = ORIENTED_EDGE('',*,*,#3391,.F.);
#3391 = EDGE_CURVE('',#3368,#3392,#3394,.T.);
#3392 = VERTEX_POINT('',#3393);
#3393 = CARTESIAN_POINT('',(-9.,25.671572875254,19.727922061358));
#3394 = CIRCLE('',#3395,1.);
#3395 = AXIS2_PLACEMENT_3D('',#3396,#3397,#3398);
#3396 = CARTESIAN_POINT('',(-8.,25.671572875254,19.727922061358));
#3397 = DIRECTION('',(0.,0.707106781187,0.707106781187));
#3398 = DIRECTION('',(-1.,0.,0.));
#3399 = ORIENTED_EDGE('',*,*,#3377,.T.);
#3400 = ORIENTED_EDGE('',*,*,#2479,.T.);
#3401 = ORIENTED_EDGE('',*,*,#3402,.F.);
#3402 = EDGE_CURVE('',#3392,#2472,#3403,.T.);
#3403 = LINE('',#3404,#3405);
#3404 = CARTESIAN_POINT('',(-9.,25.671572875254,19.727922061358));
#3405 = VECTOR('',#3406,1.);
#3406 = DIRECTION('',(-0.,-0.707106781187,-0.707106781187));
#3407 = CYLINDRICAL_SURFACE('',#3408,1.);
#3408 = AXIS2_PLACEMENT_3D('',#3409,#3410,#3411);
#3409 = CARTESIAN_POINT('',(-8.,25.671572875254,19.727922061358));
#3410 = DIRECTION('',(0.,0.707106781187,0.707106781187));
#3411 = DIRECTION('',(-1.,0.,0.));
#3412 = ADVANCED_FACE('',(#3413),#3431,.F.);
#3413 = FACE_BOUND('',#3414,.F.);
#3414 = EDGE_LOOP('',(#3415,#3423,#3424,#3425));
#3415 = ORIENTED_EDGE('',*,*,#3416,.F.);
#3416 = EDGE_CURVE('',#3392,#3417,#3419,.T.);
#3417 = VERTEX_POINT('',#3418);
#3418 = CARTESIAN_POINT('',(-9.,7.028174593052,38.37132034356));
#3419 = LINE('',#3420,#3421);
#3420 = CARTESIAN_POINT('',(-9.,25.671572875254,19.727922061358));
#3421 = VECTOR('',#3422,1.);
#3422 = DIRECTION('',(0.,-0.707106781187,0.707106781187));
#3423 = ORIENTED_EDGE('',*,*,#3402,.T.);
#3424 = ORIENTED_EDGE('',*,*,#2471,.F.);
#3425 = ORIENTED_EDGE('',*,*,#3426,.F.);
#3426 = EDGE_CURVE('',#3417,#2463,#3427,.T.);
#3427 = LINE('',#3428,#3429);
#3428 = CARTESIAN_POINT('',(-9.,7.028174593052,38.37132034356));
#3429 = VECTOR('',#3430,1.);
#3430 = DIRECTION('',(-0.,-0.707106781187,-0.707106781187));
#3431 = PLANE('',#3432);
#3432 = AXIS2_PLACEMENT_3D('',#3433,#3434,#3435);
#3433 = CARTESIAN_POINT('',(-9.,25.671572875254,19.727922061358));
#3434 = DIRECTION('',(-1.,0.,0.));
#3435 = DIRECTION('',(0.,-0.707106781187,0.707106781187));
#3436 = ADVANCED_FACE('',(#3437),#3456,.F.);
#3437 = FACE_BOUND('',#3438,.F.);
#3438 = EDGE_LOOP('',(#3439,#3448,#3449,#3450));
#3439 = ORIENTED_EDGE('',*,*,#3440,.F.);
#3440 = EDGE_CURVE('',#3417,#3441,#3443,.T.);
#3441 = VERTEX_POINT('',#3442);
#3442 = CARTESIAN_POINT('',(-8.,6.321067811865,39.078427124746));
#3443 = CIRCLE('',#3444,1.);
#3444 = AXIS2_PLACEMENT_3D('',#3445,#3446,#3447);
#3445 = CARTESIAN_POINT('',(-8.,7.028174593052,38.37132034356));
#3446 = DIRECTION('',(0.,0.707106781187,0.707106781187));
#3447 = DIRECTION('',(-1.,0.,0.));
#3448 = ORIENTED_EDGE('',*,*,#3426,.T.);
#3449 = ORIENTED_EDGE('',*,*,#2462,.T.);
#3450 = ORIENTED_EDGE('',*,*,#3451,.F.);
#3451 = EDGE_CURVE('',#3441,#2455,#3452,.T.);
#3452 = LINE('',#3453,#3454);
#3453 = CARTESIAN_POINT('',(-8.,6.321067811865,39.078427124746));
#3454 = VECTOR('',#3455,1.);
#3455 = DIRECTION('',(-0.,-0.707106781187,-0.707106781187));
#3456 = CYLINDRICAL_SURFACE('',#3457,1.);
#3457 = AXIS2_PLACEMENT_3D('',#3458,#3459,#3460);
#3458 = CARTESIAN_POINT('',(-8.,7.028174593052,38.37132034356));
#3459 = DIRECTION('',(0.,0.707106781187,0.707106781187));
#3460 = DIRECTION('',(-1.,0.,0.));
#3461 = ADVANCED_FACE('',(#3462),#3480,.T.);
#3462 = FACE_BOUND('',#3463,.T.);
#3463 = EDGE_LOOP('',(#3464,#3472,#3478,#3479));
#3464 = ORIENTED_EDGE('',*,*,#3465,.F.);
#3465 = EDGE_CURVE('',#3466,#3441,#3468,.T.);
#3466 = VERTEX_POINT('',#3467);
#3467 = CARTESIAN_POINT('',(8.,6.321067811865,39.078427124746));
#3468 = LINE('',#3469,#3470);
#3469 = CARTESIAN_POINT('',(8.,6.321067811866,39.078427124746));
#3470 = VECTOR('',#3471,1.);
#3471 = DIRECTION('',(-1.,0.,0.));
#3472 = ORIENTED_EDGE('',*,*,#3473,.T.);
#3473 = EDGE_CURVE('',#3466,#2446,#3474,.T.);
#3474 = LINE('',#3475,#3476);
#3475 = CARTESIAN_POINT('',(8.,6.321067811865,39.078427124746));
#3476 = VECTOR('',#3477,1.);
#3477 = DIRECTION('',(-0.,-0.707106781187,-0.707106781187));
#3478 = ORIENTED_EDGE('',*,*,#2454,.F.);
#3479 = ORIENTED_EDGE('',*,*,#3451,.F.);
#3480 = PLANE('',#3481);
#3481 = AXIS2_PLACEMENT_3D('',#3482,#3483,#3484);
#3482 = CARTESIAN_POINT('',(8.,6.321067811865,39.078427124746));
#3483 = DIRECTION('',(0.,0.707106781187,-0.707106781187));
#3484 = DIRECTION('',(-1.,0.,0.));
#3485 = ADVANCED_FACE('',(#3486),#3505,.F.);
#3486 = FACE_BOUND('',#3487,.F.);
#3487 = EDGE_LOOP('',(#3488,#3497,#3498,#3499));
#3488 = ORIENTED_EDGE('',*,*,#3489,.F.);
#3489 = EDGE_CURVE('',#3466,#3490,#3492,.T.);
#3490 = VERTEX_POINT('',#3491);
#3491 = CARTESIAN_POINT('',(9.,7.028174593052,38.37132034356));
#3492 = CIRCLE('',#3493,1.);
#3493 = AXIS2_PLACEMENT_3D('',#3494,#3495,#3496);
#3494 = CARTESIAN_POINT('',(8.,7.028174593052,38.37132034356));
#3495 = DIRECTION('',(0.,0.707106781187,0.707106781187));
#3496 = DIRECTION('',(-1.,0.,0.));
#3497 = ORIENTED_EDGE('',*,*,#3473,.T.);
#3498 = ORIENTED_EDGE('',*,*,#2445,.T.);
#3499 = ORIENTED_EDGE('',*,*,#3500,.F.);
#3500 = EDGE_CURVE('',#3490,#2438,#3501,.T.);
#3501 = LINE('',#3502,#3503);
#3502 = CARTESIAN_POINT('',(9.,7.028174593052,38.37132034356));
#3503 = VECTOR('',#3504,1.);
#3504 = DIRECTION('',(-0.,-0.707106781187,-0.707106781187));
#3505 = CYLINDRICAL_SURFACE('',#3506,1.);
#3506 = AXIS2_PLACEMENT_3D('',#3507,#3508,#3509);
#3507 = CARTESIAN_POINT('',(8.,7.028174593052,38.37132034356));
#3508 = DIRECTION('',(0.,0.707106781187,0.707106781187));
#3509 = DIRECTION('',(-1.,0.,0.));
#3510 = ADVANCED_FACE('',(#3511),#3522,.T.);
#3511 = FACE_BOUND('',#3512,.T.);
#3512 = EDGE_LOOP('',(#3513,#3519,#3520,#3521));
#3513 = ORIENTED_EDGE('',*,*,#3514,.F.);
#3514 = EDGE_CURVE('',#3336,#3490,#3515,.T.);
#3515 = LINE('',#3516,#3517);
#3516 = CARTESIAN_POINT('',(9.,25.671572875254,19.727922061358));
#3517 = VECTOR('',#3518,1.);
#3518 = DIRECTION('',(0.,-0.707106781187,0.707106781187));
#3519 = ORIENTED_EDGE('',*,*,#3346,.T.);
#3520 = ORIENTED_EDGE('',*,*,#2437,.F.);
#3521 = ORIENTED_EDGE('',*,*,#3500,.F.);
#3522 = PLANE('',#3523);
#3523 = AXIS2_PLACEMENT_3D('',#3524,#3525,#3526);
#3524 = CARTESIAN_POINT('',(9.,25.671572875254,19.727922061358));
#3525 = DIRECTION('',(-1.,0.,0.));
#3526 = DIRECTION('',(0.,-0.707106781187,0.707106781187));
#3527 = ADVANCED_FACE('',(#3528,#3546),#3556,.F.);
#3528 = FACE_BOUND('',#3529,.F.);
#3529 = EDGE_LOOP('',(#3530,#3531,#3532,#3540));
#3530 = ORIENTED_EDGE('',*,*,#2502,.F.);
#3531 = ORIENTED_EDGE('',*,*,#3292,.T.);
#3532 = ORIENTED_EDGE('',*,*,#3533,.T.);
#3533 = EDGE_CURVE('',#3251,#3534,#3536,.T.);
#3534 = VERTEX_POINT('',#3535);
#3535 = CARTESIAN_POINT('',(-18.,-0.75,46.149494936612));
#3536 = LINE('',#3537,#3538);
#3537 = CARTESIAN_POINT('',(0.,-0.75,46.149494936612));
#3538 = VECTOR('',#3539,1.);
#3539 = DIRECTION('',(-1.,0.,0.));
#3540 = ORIENTED_EDGE('',*,*,#3541,.F.);
#3541 = EDGE_CURVE('',#2505,#3534,#3542,.T.);
#3542 = LINE('',#3543,#3544);
#3543 = CARTESIAN_POINT('',(-18.,33.449747468306,11.949747468306));
#3544 = VECTOR('',#3545,1.);
#3545 = DIRECTION('',(0.,-0.707106781187,0.707106781187));
#3546 = FACE_BOUND('',#3547,.F.);
#3547 = EDGE_LOOP('',(#3548,#3549,#3550,#3551,#3552,#3553,#3554,#3555));
#3548 = ORIENTED_EDGE('',*,*,#3514,.F.);
#3549 = ORIENTED_EDGE('',*,*,#3335,.T.);
#3550 = ORIENTED_EDGE('',*,*,#3367,.T.);
#3551 = ORIENTED_EDGE('',*,*,#3391,.T.);
#3552 = ORIENTED_EDGE('',*,*,#3416,.T.);
#3553 = ORIENTED_EDGE('',*,*,#3440,.T.);
#3554 = ORIENTED_EDGE('',*,*,#3465,.F.);
#3555 = ORIENTED_EDGE('',*,*,#3489,.T.);
#3556 = PLANE('',#3557);
#3557 = AXIS2_PLACEMENT_3D('',#3558,#3559,#3560);
#3558 = CARTESIAN_POINT('',(19.,33.449747468306,11.949747468306));
#3559 = DIRECTION('',(-0.,-0.707106781187,-0.707106781187));
#3560 = DIRECTION('',(-1.,0.,0.));
#3561 = ADVANCED_FACE('',(#3562),#3573,.T.);
#3562 = FACE_BOUND('',#3563,.T.);
#3563 = EDGE_LOOP('',(#3564,#3565,#3566,#3572));
#3564 = ORIENTED_EDGE('',*,*,#2555,.F.);
#3565 = ORIENTED_EDGE('',*,*,#2615,.T.);
#3566 = ORIENTED_EDGE('',*,*,#3567,.T.);
#3567 = EDGE_CURVE('',#2608,#2505,#3568,.T.);
#3568 = LINE('',#3569,#3570);
#3569 = CARTESIAN_POINT('',(-18.,33.449747468306,11.949747468306));
#3570 = VECTOR('',#3571,1.);
#3571 = DIRECTION('',(0.707106781187,0.5,0.5));
#3572 = ORIENTED_EDGE('',*,*,#2512,.F.);
#3573 = CONICAL_SURFACE('',#3574,7.,0.785398163397);
#3574 = AXIS2_PLACEMENT_3D('',#3575,#3576,#3577);
#3575 = CARTESIAN_POINT('',(-18.,28.5,7.));
#3576 = DIRECTION('',(1.,0.,0.));
#3577 = DIRECTION('',(-0.,0.989743318611,0.142857142857));
#3578 = ADVANCED_FACE('',(#3579),#3590,.T.);
#3579 = FACE_BOUND('',#3580,.F.);
#3580 = EDGE_LOOP('',(#3581,#3582,#3583,#3589));
#3581 = ORIENTED_EDGE('',*,*,#2877,.F.);
#3582 = ORIENTED_EDGE('',*,*,#2590,.T.);
#3583 = ORIENTED_EDGE('',*,*,#3584,.T.);
#3584 = EDGE_CURVE('',#2591,#2969,#3585,.T.);
#3585 = LINE('',#3586,#3587);
#3586 = CARTESIAN_POINT('',(-18.,-36.9497474683,9.949747468306));
#3587 = VECTOR('',#3588,1.);
#3588 = DIRECTION('',(0.707106781187,-0.5,0.5));
#3589 = ORIENTED_EDGE('',*,*,#3006,.F.);
#3590 = CONICAL_SURFACE('',#3591,7.,0.785398163397);
#3591 = AXIS2_PLACEMENT_3D('',#3592,#3593,#3594);
#3592 = CARTESIAN_POINT('',(-18.,-32.,5.));
#3593 = DIRECTION('',(1.,0.,0.));
#3594 = DIRECTION('',(0.,-0.903507902905,0.428571428571));
#3595 = ADVANCED_FACE('',(#3596),#3612,.T.);
#3596 = FACE_BOUND('',#3597,.F.);
#3597 = EDGE_LOOP('',(#3598,#3599,#3600,#3606));
#3598 = ORIENTED_EDGE('',*,*,#3584,.F.);
#3599 = ORIENTED_EDGE('',*,*,#2599,.T.);
#3600 = ORIENTED_EDGE('',*,*,#3601,.T.);
#3601 = EDGE_CURVE('',#2600,#3534,#3602,.T.);
#3602 = LINE('',#3603,#3604);
#3603 = CARTESIAN_POINT('',(-34.92665342059,-0.75,22.211592103617));
#3604 = VECTOR('',#3605,1.);
#3605 = DIRECTION('',(0.57735026919,0.,0.816496580928));
#3606 = ORIENTED_EDGE('',*,*,#3607,.F.);
#3607 = EDGE_CURVE('',#2969,#3534,#3608,.T.);
#3608 = LINE('',#3609,#3610);
#3609 = CARTESIAN_POINT('',(-18.,-36.9497474683,9.949747468306));
#3610 = VECTOR('',#3611,1.);
#3611 = DIRECTION('',(0.,0.707106781187,0.707106781187));
#3612 = PLANE('',#3613);
#3613 = AXIS2_PLACEMENT_3D('',#3614,#3615,#3616);
#3614 = CARTESIAN_POINT('',(-18.5,-36.59619407771,9.596194077713));
#3615 = DIRECTION('',(-0.707106781187,-0.5,0.5));
#3616 = DIRECTION('',(8.326672684689E-17,-0.707106781187,-0.707106781187
    ));
#3617 = ADVANCED_FACE('',(#3618),#3624,.F.);
#3618 = FACE_BOUND('',#3619,.T.);
#3619 = EDGE_LOOP('',(#3620,#3621,#3622,#3623));
#3620 = ORIENTED_EDGE('',*,*,#2917,.F.);
#3621 = ORIENTED_EDGE('',*,*,#2632,.T.);
#3622 = ORIENTED_EDGE('',*,*,#3320,.F.);
#3623 = ORIENTED_EDGE('',*,*,#3046,.F.);
#3624 = PLANE('',#3625);
#3625 = AXIS2_PLACEMENT_3D('',#3626,#3627,#3628);
#3626 = CARTESIAN_POINT('',(-18.5,-32.6464466094,9.06066017178));
#3627 = DIRECTION('',(0.707106781187,-0.5,0.5));
#3628 = DIRECTION('',(-0.,-0.707106781187,-0.707106781187));
#3629 = ADVANCED_FACE('',(#3630),#3636,.F.);
#3630 = FACE_BOUND('',#3631,.T.);
#3631 = EDGE_LOOP('',(#3632,#3633,#3634,#3635));
#3632 = ORIENTED_EDGE('',*,*,#3567,.F.);
#3633 = ORIENTED_EDGE('',*,*,#2607,.T.);
#3634 = ORIENTED_EDGE('',*,*,#3601,.T.);
#3635 = ORIENTED_EDGE('',*,*,#3541,.F.);
#3636 = PLANE('',#3637);
#3637 = AXIS2_PLACEMENT_3D('',#3638,#3639,#3640);
#3638 = CARTESIAN_POINT('',(-18.5,33.096194077713,11.596194077713));
#3639 = DIRECTION('',(0.707106781187,-0.5,-0.5));
#3640 = DIRECTION('',(-5.551115123126E-17,0.707106781187,-0.707106781187
    ));
#3641 = ADVANCED_FACE('',(#3642),#3653,.F.);
#3642 = FACE_BOUND('',#3643,.T.);
#3643 = EDGE_LOOP('',(#3644,#3645,#3651,#3652));
#3644 = ORIENTED_EDGE('',*,*,#2691,.F.);
#3645 = ORIENTED_EDGE('',*,*,#3646,.T.);
#3646 = EDGE_CURVE('',#2692,#2785,#3647,.T.);
#3647 = LINE('',#3648,#3649);
#3648 = CARTESIAN_POINT('',(-55.,33.75,0.));
#3649 = VECTOR('',#3650,1.);
#3650 = DIRECTION('',(0.,0.,1.));
#3651 = ORIENTED_EDGE('',*,*,#2784,.F.);
#3652 = ORIENTED_EDGE('',*,*,#3646,.F.);
#3653 = CYLINDRICAL_SURFACE('',#3654,1.25);
#3654 = AXIS2_PLACEMENT_3D('',#3655,#3656,#3657);
#3655 = CARTESIAN_POINT('',(-56.25,33.75,0.));
#3656 = DIRECTION('',(-0.,-0.,-1.));
#3657 = DIRECTION('',(1.,0.,0.));
#3658 = ADVANCED_FACE('',(#3659),#3670,.F.);
#3659 = FACE_BOUND('',#3660,.T.);
#3660 = EDGE_LOOP('',(#3661,#3662,#3668,#3669));
#3661 = ORIENTED_EDGE('',*,*,#2702,.F.);
#3662 = ORIENTED_EDGE('',*,*,#3663,.T.);
#3663 = EDGE_CURVE('',#2703,#2805,#3664,.T.);
#3664 = LINE('',#3665,#3666);
#3665 = CARTESIAN_POINT('',(57.5,33.75,0.));
#3666 = VECTOR('',#3667,1.);
#3667 = DIRECTION('',(0.,0.,1.));
#3668 = ORIENTED_EDGE('',*,*,#2804,.F.);
#3669 = ORIENTED_EDGE('',*,*,#3663,.F.);
#3670 = CYLINDRICAL_SURFACE('',#3671,1.25);
#3671 = AXIS2_PLACEMENT_3D('',#3672,#3673,#3674);
#3672 = CARTESIAN_POINT('',(56.25,33.75,0.));
#3673 = DIRECTION('',(-0.,-0.,-1.));
#3674 = DIRECTION('',(1.,0.,0.));
#3675 = ADVANCED_FACE('',(#3676),#3687,.F.);
#3676 = FACE_BOUND('',#3677,.T.);
#3677 = EDGE_LOOP('',(#3678,#3679,#3685,#3686));
#3678 = ORIENTED_EDGE('',*,*,#2713,.F.);
#3679 = ORIENTED_EDGE('',*,*,#3680,.T.);
#3680 = EDGE_CURVE('',#2714,#2745,#3681,.T.);
#3681 = LINE('',#3682,#3683);
#3682 = CARTESIAN_POINT('',(-55.,-33.75,0.));
#3683 = VECTOR('',#3684,1.);
#3684 = DIRECTION('',(0.,0.,1.));
#3685 = ORIENTED_EDGE('',*,*,#2744,.F.);
#3686 = ORIENTED_EDGE('',*,*,#3680,.F.);
#3687 = CYLINDRICAL_SURFACE('',#3688,1.25);
#3688 = AXIS2_PLACEMENT_3D('',#3689,#3690,#3691);
#3689 = CARTESIAN_POINT('',(-56.25,-33.75,0.));
#3690 = DIRECTION('',(-0.,-0.,-1.));
#3691 = DIRECTION('',(1.,0.,0.));
#3692 = ADVANCED_FACE('',(#3693),#3704,.F.);
#3693 = FACE_BOUND('',#3694,.T.);
#3694 = EDGE_LOOP('',(#3695,#3696,#3702,#3703));
#3695 = ORIENTED_EDGE('',*,*,#2724,.F.);
#3696 = ORIENTED_EDGE('',*,*,#3697,.T.);
#3697 = EDGE_CURVE('',#2725,#2765,#3698,.T.);
#3698 = LINE('',#3699,#3700);
#3699 = CARTESIAN_POINT('',(57.5,-33.75,0.));
#3700 = VECTOR('',#3701,1.);
#3701 = DIRECTION('',(0.,0.,1.));
#3702 = ORIENTED_EDGE('',*,*,#2764,.F.);
#3703 = ORIENTED_EDGE('',*,*,#3697,.F.);
#3704 = CYLINDRICAL_SURFACE('',#3705,1.25);
#3705 = AXIS2_PLACEMENT_3D('',#3706,#3707,#3708);
#3706 = CARTESIAN_POINT('',(56.25,-33.75,0.));
#3707 = DIRECTION('',(-0.,-0.,-1.));
#3708 = DIRECTION('',(1.,0.,0.));
#3709 = ADVANCED_FACE('',(#3710,#3716,#3727,#3738,#3808,#3819),#3830,.T.
  );
#3710 = FACE_BOUND('',#3711,.T.);
#3711 = EDGE_LOOP('',(#3712,#3713,#3714,#3715));
#3712 = ORIENTED_EDGE('',*,*,#2968,.T.);
#3713 = ORIENTED_EDGE('',*,*,#3258,.T.);
#3714 = ORIENTED_EDGE('',*,*,#3533,.T.);
#3715 = ORIENTED_EDGE('',*,*,#3607,.F.);
#3716 = FACE_BOUND('',#3717,.T.);
#3717 = EDGE_LOOP('',(#3718));
#3718 = ORIENTED_EDGE('',*,*,#3719,.F.);
#3719 = EDGE_CURVE('',#3720,#3720,#3722,.T.);
#3720 = VERTEX_POINT('',#3721);
#3721 = CARTESIAN_POINT('',(-10.1,-9.270636713298,37.628858223314));
#3722 = CIRCLE('',#3723,2.05);
#3723 = AXIS2_PLACEMENT_3D('',#3724,#3725,#3726);
#3724 = CARTESIAN_POINT('',(-12.15,-9.270636713298,37.628858223314));
#3725 = DIRECTION('',(0.,-0.707106781187,0.707106781187));
#3726 = DIRECTION('',(1.,0.,0.));
#3727 = FACE_BOUND('',#3728,.T.);
#3728 = EDGE_LOOP('',(#3729));
#3729 = ORIENTED_EDGE('',*,*,#3730,.F.);
#3730 = EDGE_CURVE('',#3731,#3731,#3733,.T.);
#3731 = VERTEX_POINT('',#3732);
#3732 = CARTESIAN_POINT('',(-10.10000000002,-26.87759556484,
    20.021899371769));
#3733 = CIRCLE('',#3734,2.05);
#3734 = AXIS2_PLACEMENT_3D('',#3735,#3736,#3737);
#3735 = CARTESIAN_POINT('',(-12.15000000002,-26.87759556484,
    20.021899371769));
#3736 = DIRECTION('',(0.,-0.707106781187,0.707106781187));
#3737 = DIRECTION('',(1.,0.,0.));
#3738 = FACE_BOUND('',#3739,.T.);
#3739 = EDGE_LOOP('',(#3740,#3750,#3759,#3767,#3776,#3784,#3793,#3801));
#3740 = ORIENTED_EDGE('',*,*,#3741,.F.);
#3741 = EDGE_CURVE('',#3742,#3744,#3746,.T.);
#3742 = VERTEX_POINT('',#3743);
#3743 = CARTESIAN_POINT('',(7.,-24.79163056034,22.107864376269));
#3744 = VERTEX_POINT('',#3745);
#3745 = CARTESIAN_POINT('',(7.,-11.35660171779,35.542893218813));
#3746 = LINE('',#3747,#3748);
#3747 = CARTESIAN_POINT('',(7.,-24.79163056034,22.107864376269));
#3748 = VECTOR('',#3749,1.);
#3749 = DIRECTION('',(0.,0.707106781187,0.707106781187));
#3750 = ORIENTED_EDGE('',*,*,#3751,.F.);
#3751 = EDGE_CURVE('',#3752,#3742,#3754,.T.);
#3752 = VERTEX_POINT('',#3753);
#3753 = CARTESIAN_POINT('',(6.,-25.49873734152,21.400757595083));
#3754 = CIRCLE('',#3755,1.);
#3755 = AXIS2_PLACEMENT_3D('',#3756,#3757,#3758);
#3756 = CARTESIAN_POINT('',(6.,-24.79163056034,22.107864376269));
#3757 = DIRECTION('',(0.,-0.707106781187,0.707106781187));
#3758 = DIRECTION('',(1.,0.,0.));
#3759 = ORIENTED_EDGE('',*,*,#3760,.F.);
#3760 = EDGE_CURVE('',#3761,#3752,#3763,.T.);
#3761 = VERTEX_POINT('',#3762);
#3762 = CARTESIAN_POINT('',(-6.,-25.49873734152,21.400757595083));
#3763 = LINE('',#3764,#3765);
#3764 = CARTESIAN_POINT('',(-6.,-25.49873734152,21.400757595083));
#3765 = VECTOR('',#3766,1.);
#3766 = DIRECTION('',(1.,0.,0.));
#3767 = ORIENTED_EDGE('',*,*,#3768,.F.);
#3768 = EDGE_CURVE('',#3769,#3761,#3771,.T.);
#3769 = VERTEX_POINT('',#3770);
#3770 = CARTESIAN_POINT('',(-7.,-24.79163056034,22.107864376269));
#3771 = CIRCLE('',#3772,1.);
#3772 = AXIS2_PLACEMENT_3D('',#3773,#3774,#3775);
#3773 = CARTESIAN_POINT('',(-6.,-24.79163056034,22.107864376269));
#3774 = DIRECTION('',(0.,-0.707106781187,0.707106781187));
#3775 = DIRECTION('',(1.,0.,0.));
#3776 = ORIENTED_EDGE('',*,*,#3777,.F.);
#3777 = EDGE_CURVE('',#3778,#3769,#3780,.T.);
#3778 = VERTEX_POINT('',#3779);
#3779 = CARTESIAN_POINT('',(-7.,-11.35660171779,35.542893218813));
#3780 = LINE('',#3781,#3782);
#3781 = CARTESIAN_POINT('',(-7.,-11.35660171779,35.542893218813));
#3782 = VECTOR('',#3783,1.);
#3783 = DIRECTION('',(0.,-0.707106781187,-0.707106781187));
#3784 = ORIENTED_EDGE('',*,*,#3785,.F.);
#3785 = EDGE_CURVE('',#3786,#3778,#3788,.T.);
#3786 = VERTEX_POINT('',#3787);
#3787 = CARTESIAN_POINT('',(-6.,-10.64949493661,36.25));
#3788 = CIRCLE('',#3789,1.);
#3789 = AXIS2_PLACEMENT_3D('',#3790,#3791,#3792);
#3790 = CARTESIAN_POINT('',(-6.,-11.35660171779,35.542893218813));
#3791 = DIRECTION('',(0.,-0.707106781187,0.707106781187));
#3792 = DIRECTION('',(1.,0.,0.));
#3793 = ORIENTED_EDGE('',*,*,#3794,.F.);
#3794 = EDGE_CURVE('',#3795,#3786,#3797,.T.);
#3795 = VERTEX_POINT('',#3796);
#3796 = CARTESIAN_POINT('',(6.,-10.64949493661,36.25));
#3797 = LINE('',#3798,#3799);
#3798 = CARTESIAN_POINT('',(6.,-10.64949493661,36.25));
#3799 = VECTOR('',#3800,1.);
#3800 = DIRECTION('',(-1.,0.,0.));
#3801 = ORIENTED_EDGE('',*,*,#3802,.F.);
#3802 = EDGE_CURVE('',#3744,#3795,#3803,.T.);
#3803 = CIRCLE('',#3804,1.);
#3804 = AXIS2_PLACEMENT_3D('',#3805,#3806,#3807);
#3805 = CARTESIAN_POINT('',(6.,-11.35660171779,35.542893218813));
#3806 = DIRECTION('',(0.,-0.707106781187,0.707106781187));
#3807 = DIRECTION('',(1.,0.,0.));
#3808 = FACE_BOUND('',#3809,.T.);
#3809 = EDGE_LOOP('',(#3810));
#3810 = ORIENTED_EDGE('',*,*,#3811,.F.);
#3811 = EDGE_CURVE('',#3812,#3812,#3814,.T.);
#3812 = VERTEX_POINT('',#3813);
#3813 = CARTESIAN_POINT('',(14.2,-9.270636713298,37.628858223314));
#3814 = CIRCLE('',#3815,2.05);
#3815 = AXIS2_PLACEMENT_3D('',#3816,#3817,#3818);
#3816 = CARTESIAN_POINT('',(12.15,-9.270636713298,37.628858223314));
#3817 = DIRECTION('',(0.,-0.707106781187,0.707106781187));
#3818 = DIRECTION('',(1.,0.,0.));
#3819 = FACE_BOUND('',#3820,.T.);
#3820 = EDGE_LOOP('',(#3821));
#3821 = ORIENTED_EDGE('',*,*,#3822,.F.);
#3822 = EDGE_CURVE('',#3823,#3823,#3825,.T.);
#3823 = VERTEX_POINT('',#3824);
#3824 = CARTESIAN_POINT('',(14.200000000021,-26.87759556484,
    20.021899371769));
#3825 = CIRCLE('',#3826,2.05);
#3826 = AXIS2_PLACEMENT_3D('',#3827,#3828,#3829);
#3827 = CARTESIAN_POINT('',(12.150000000021,-26.87759556484,
    20.021899371769));
#3828 = DIRECTION('',(0.,-0.707106781187,0.707106781187));
#3829 = DIRECTION('',(1.,0.,0.));
#3830 = PLANE('',#3831);
#3831 = AXIS2_PLACEMENT_3D('',#3832,#3833,#3834);
#3832 = CARTESIAN_POINT('',(0.,-18.84987373415,28.049621202459));
#3833 = DIRECTION('',(0.,-0.707106781187,0.707106781187));
#3834 = DIRECTION('',(0.,-0.707106781187,-0.707106781187));
#3835 = ADVANCED_FACE('',(#3836),#3847,.F.);
#3836 = FACE_BOUND('',#3837,.F.);
#3837 = EDGE_LOOP('',(#3838,#3844,#3845,#3846));
#3838 = ORIENTED_EDGE('',*,*,#3839,.F.);
#3839 = EDGE_CURVE('',#3812,#3055,#3840,.T.);
#3840 = LINE('',#3841,#3842);
#3841 = CARTESIAN_POINT('',(14.2,-9.270636713298,37.628858223314));
#3842 = VECTOR('',#3843,1.);
#3843 = DIRECTION('',(0.,0.707106781187,-0.707106781187));
#3844 = ORIENTED_EDGE('',*,*,#3811,.F.);
#3845 = ORIENTED_EDGE('',*,*,#3839,.T.);
#3846 = ORIENTED_EDGE('',*,*,#3054,.T.);
#3847 = CYLINDRICAL_SURFACE('',#3848,2.05);
#3848 = AXIS2_PLACEMENT_3D('',#3849,#3850,#3851);
#3849 = CARTESIAN_POINT('',(12.15,-9.270636713298,37.628858223314));
#3850 = DIRECTION('',(0.,-0.707106781187,0.707106781187));
#3851 = DIRECTION('',(1.,0.,0.));
#3852 = ADVANCED_FACE('',(#3853),#3864,.F.);
#3853 = FACE_BOUND('',#3854,.F.);
#3854 = EDGE_LOOP('',(#3855,#3861,#3862,#3863));
#3855 = ORIENTED_EDGE('',*,*,#3856,.F.);
#3856 = EDGE_CURVE('',#3720,#3066,#3857,.T.);
#3857 = LINE('',#3858,#3859);
#3858 = CARTESIAN_POINT('',(-10.1,-9.270636713298,37.628858223314));
#3859 = VECTOR('',#3860,1.);
#3860 = DIRECTION('',(0.,0.707106781187,-0.707106781187));
#3861 = ORIENTED_EDGE('',*,*,#3719,.F.);
#3862 = ORIENTED_EDGE('',*,*,#3856,.T.);
#3863 = ORIENTED_EDGE('',*,*,#3065,.T.);
#3864 = CYLINDRICAL_SURFACE('',#3865,2.05);
#3865 = AXIS2_PLACEMENT_3D('',#3866,#3867,#3868);
#3866 = CARTESIAN_POINT('',(-12.15,-9.270636713298,37.628858223314));
#3867 = DIRECTION('',(0.,-0.707106781187,0.707106781187));
#3868 = DIRECTION('',(1.,0.,0.));
#3869 = ADVANCED_FACE('',(#3870),#3881,.F.);
#3870 = FACE_BOUND('',#3871,.F.);
#3871 = EDGE_LOOP('',(#3872,#3878,#3879,#3880));
#3872 = ORIENTED_EDGE('',*,*,#3873,.F.);
#3873 = EDGE_CURVE('',#3823,#3077,#3874,.T.);
#3874 = LINE('',#3875,#3876);
#3875 = CARTESIAN_POINT('',(14.200000000021,-26.87759556484,
    20.021899371769));
#3876 = VECTOR('',#3877,1.);
#3877 = DIRECTION('',(0.,0.707106781187,-0.707106781187));
#3878 = ORIENTED_EDGE('',*,*,#3822,.F.);
#3879 = ORIENTED_EDGE('',*,*,#3873,.T.);
#3880 = ORIENTED_EDGE('',*,*,#3076,.T.);
#3881 = CYLINDRICAL_SURFACE('',#3882,2.05);
#3882 = AXIS2_PLACEMENT_3D('',#3883,#3884,#3885);
#3883 = CARTESIAN_POINT('',(12.150000000021,-26.87759556484,
    20.021899371769));
#3884 = DIRECTION('',(0.,-0.707106781187,0.707106781187));
#3885 = DIRECTION('',(1.,0.,0.));
#3886 = ADVANCED_FACE('',(#3887),#3903,.F.);
#3887 = FACE_BOUND('',#3888,.F.);
#3888 = EDGE_LOOP('',(#3889,#3890,#3896,#3897));
#3889 = ORIENTED_EDGE('',*,*,#3802,.F.);
#3890 = ORIENTED_EDGE('',*,*,#3891,.T.);
#3891 = EDGE_CURVE('',#3744,#3088,#3892,.T.);
#3892 = LINE('',#3893,#3894);
#3893 = CARTESIAN_POINT('',(7.,-11.35660171779,35.542893218813));
#3894 = VECTOR('',#3895,1.);
#3895 = DIRECTION('',(0.,0.707106781187,-0.707106781187));
#3896 = ORIENTED_EDGE('',*,*,#3087,.T.);
#3897 = ORIENTED_EDGE('',*,*,#3898,.F.);
#3898 = EDGE_CURVE('',#3795,#3090,#3899,.T.);
#3899 = LINE('',#3900,#3901);
#3900 = CARTESIAN_POINT('',(6.,-10.64949493661,36.25));
#3901 = VECTOR('',#3902,1.);
#3902 = DIRECTION('',(0.,0.707106781187,-0.707106781187));
#3903 = CYLINDRICAL_SURFACE('',#3904,1.);
#3904 = AXIS2_PLACEMENT_3D('',#3905,#3906,#3907);
#3905 = CARTESIAN_POINT('',(6.,-11.35660171779,35.542893218813));
#3906 = DIRECTION('',(0.,-0.707106781187,0.707106781187));
#3907 = DIRECTION('',(1.,0.,0.));
#3908 = ADVANCED_FACE('',(#3909),#3920,.F.);
#3909 = FACE_BOUND('',#3910,.F.);
#3910 = EDGE_LOOP('',(#3911,#3912,#3913,#3914));
#3911 = ORIENTED_EDGE('',*,*,#3794,.F.);
#3912 = ORIENTED_EDGE('',*,*,#3898,.T.);
#3913 = ORIENTED_EDGE('',*,*,#3149,.F.);
#3914 = ORIENTED_EDGE('',*,*,#3915,.F.);
#3915 = EDGE_CURVE('',#3786,#3141,#3916,.T.);
#3916 = LINE('',#3917,#3918);
#3917 = CARTESIAN_POINT('',(-6.,-10.64949493661,36.25));
#3918 = VECTOR('',#3919,1.);
#3919 = DIRECTION('',(0.,0.707106781187,-0.707106781187));
#3920 = PLANE('',#3921);
#3921 = AXIS2_PLACEMENT_3D('',#3922,#3923,#3924);
#3922 = CARTESIAN_POINT('',(6.,-10.64949493661,36.25));
#3923 = DIRECTION('',(0.,0.707106781187,0.707106781187));
#3924 = DIRECTION('',(-1.,0.,0.));
#3925 = ADVANCED_FACE('',(#3926),#3937,.F.);
#3926 = FACE_BOUND('',#3927,.F.);
#3927 = EDGE_LOOP('',(#3928,#3929,#3930,#3931));
#3928 = ORIENTED_EDGE('',*,*,#3785,.F.);
#3929 = ORIENTED_EDGE('',*,*,#3915,.T.);
#3930 = ORIENTED_EDGE('',*,*,#3140,.T.);
#3931 = ORIENTED_EDGE('',*,*,#3932,.F.);
#3932 = EDGE_CURVE('',#3778,#3133,#3933,.T.);
#3933 = LINE('',#3934,#3935);
#3934 = CARTESIAN_POINT('',(-7.,-11.35660171779,35.542893218813));
#3935 = VECTOR('',#3936,1.);
#3936 = DIRECTION('',(0.,0.707106781187,-0.707106781187));
#3937 = CYLINDRICAL_SURFACE('',#3938,1.);
#3938 = AXIS2_PLACEMENT_3D('',#3939,#3940,#3941);
#3939 = CARTESIAN_POINT('',(-6.,-11.35660171779,35.542893218813));
#3940 = DIRECTION('',(0.,-0.707106781187,0.707106781187));
#3941 = DIRECTION('',(1.,0.,0.));
#3942 = ADVANCED_FACE('',(#3943),#3954,.F.);
#3943 = FACE_BOUND('',#3944,.F.);
#3944 = EDGE_LOOP('',(#3945,#3946,#3947,#3948));
#3945 = ORIENTED_EDGE('',*,*,#3777,.F.);
#3946 = ORIENTED_EDGE('',*,*,#3932,.T.);
#3947 = ORIENTED_EDGE('',*,*,#3132,.F.);
#3948 = ORIENTED_EDGE('',*,*,#3949,.F.);
#3949 = EDGE_CURVE('',#3769,#3124,#3950,.T.);
#3950 = LINE('',#3951,#3952);
#3951 = CARTESIAN_POINT('',(-7.,-24.79163056034,22.107864376269));
#3952 = VECTOR('',#3953,1.);
#3953 = DIRECTION('',(0.,0.707106781187,-0.707106781187));
#3954 = PLANE('',#3955);
#3955 = AXIS2_PLACEMENT_3D('',#3956,#3957,#3958);
#3956 = CARTESIAN_POINT('',(-7.,-11.35660171779,35.542893218813));
#3957 = DIRECTION('',(-1.,0.,0.));
#3958 = DIRECTION('',(-0.,-0.707106781187,-0.707106781187));
#3959 = ADVANCED_FACE('',(#3960),#3971,.F.);
#3960 = FACE_BOUND('',#3961,.F.);
#3961 = EDGE_LOOP('',(#3962,#3963,#3964,#3965));
#3962 = ORIENTED_EDGE('',*,*,#3768,.F.);
#3963 = ORIENTED_EDGE('',*,*,#3949,.T.);
#3964 = ORIENTED_EDGE('',*,*,#3123,.T.);
#3965 = ORIENTED_EDGE('',*,*,#3966,.F.);
#3966 = EDGE_CURVE('',#3761,#3116,#3967,.T.);
#3967 = LINE('',#3968,#3969);
#3968 = CARTESIAN_POINT('',(-6.,-25.49873734152,21.400757595083));
#3969 = VECTOR('',#3970,1.);
#3970 = DIRECTION('',(0.,0.707106781187,-0.707106781187));
#3971 = CYLINDRICAL_SURFACE('',#3972,1.);
#3972 = AXIS2_PLACEMENT_3D('',#3973,#3974,#3975);
#3973 = CARTESIAN_POINT('',(-6.,-24.79163056034,22.107864376269));
#3974 = DIRECTION('',(0.,-0.707106781187,0.707106781187));
#3975 = DIRECTION('',(1.,0.,0.));
#3976 = ADVANCED_FACE('',(#3977),#3988,.F.);
#3977 = FACE_BOUND('',#3978,.F.);
#3978 = EDGE_LOOP('',(#3979,#3980,#3981,#3982));
#3979 = ORIENTED_EDGE('',*,*,#3760,.F.);
#3980 = ORIENTED_EDGE('',*,*,#3966,.T.);
#3981 = ORIENTED_EDGE('',*,*,#3115,.F.);
#3982 = ORIENTED_EDGE('',*,*,#3983,.F.);
#3983 = EDGE_CURVE('',#3752,#3107,#3984,.T.);
#3984 = LINE('',#3985,#3986);
#3985 = CARTESIAN_POINT('',(6.,-25.49873734152,21.400757595083));
#3986 = VECTOR('',#3987,1.);
#3987 = DIRECTION('',(0.,0.707106781187,-0.707106781187));
#3988 = PLANE('',#3989);
#3989 = AXIS2_PLACEMENT_3D('',#3990,#3991,#3992);
#3990 = CARTESIAN_POINT('',(-6.,-25.49873734152,21.400757595083));
#3991 = DIRECTION('',(0.,-0.707106781187,-0.707106781187));
#3992 = DIRECTION('',(1.,0.,0.));
#3993 = ADVANCED_FACE('',(#3994),#4005,.F.);
#3994 = FACE_BOUND('',#3995,.F.);
#3995 = EDGE_LOOP('',(#3996,#3997,#3998,#3999));
#3996 = ORIENTED_EDGE('',*,*,#3751,.F.);
#3997 = ORIENTED_EDGE('',*,*,#3983,.T.);
#3998 = ORIENTED_EDGE('',*,*,#3106,.T.);
#3999 = ORIENTED_EDGE('',*,*,#4000,.F.);
#4000 = EDGE_CURVE('',#3742,#3099,#4001,.T.);
#4001 = LINE('',#4002,#4003);
#4002 = CARTESIAN_POINT('',(7.,-24.79163056034,22.107864376269));
#4003 = VECTOR('',#4004,1.);
#4004 = DIRECTION('',(0.,0.707106781187,-0.707106781187));
#4005 = CYLINDRICAL_SURFACE('',#4006,1.);
#4006 = AXIS2_PLACEMENT_3D('',#4007,#4008,#4009);
#4007 = CARTESIAN_POINT('',(6.,-24.79163056034,22.107864376269));
#4008 = DIRECTION('',(0.,-0.707106781187,0.707106781187));
#4009 = DIRECTION('',(1.,0.,0.));
#4010 = ADVANCED_FACE('',(#4011),#4017,.F.);
#4011 = FACE_BOUND('',#4012,.F.);
#4012 = EDGE_LOOP('',(#4013,#4014,#4015,#4016));
#4013 = ORIENTED_EDGE('',*,*,#3741,.F.);
#4014 = ORIENTED_EDGE('',*,*,#4000,.T.);
#4015 = ORIENTED_EDGE('',*,*,#3098,.F.);
#4016 = ORIENTED_EDGE('',*,*,#3891,.F.);
#4017 = PLANE('',#4018);
#4018 = AXIS2_PLACEMENT_3D('',#4019,#4020,#4021);
#4019 = CARTESIAN_POINT('',(7.,-24.79163056034,22.107864376269));
#4020 = DIRECTION('',(1.,0.,0.));
#4021 = DIRECTION('',(0.,0.707106781187,0.707106781187));
#4022 = ADVANCED_FACE('',(#4023),#4034,.F.);
#4023 = FACE_BOUND('',#4024,.F.);
#4024 = EDGE_LOOP('',(#4025,#4031,#4032,#4033));
#4025 = ORIENTED_EDGE('',*,*,#4026,.F.);
#4026 = EDGE_CURVE('',#3731,#3158,#4027,.T.);
#4027 = LINE('',#4028,#4029);
#4028 = CARTESIAN_POINT('',(-10.10000000002,-26.87759556484,
    20.021899371769));
#4029 = VECTOR('',#4030,1.);
#4030 = DIRECTION('',(0.,0.707106781187,-0.707106781187));
#4031 = ORIENTED_EDGE('',*,*,#3730,.F.);
#4032 = ORIENTED_EDGE('',*,*,#4026,.T.);
#4033 = ORIENTED_EDGE('',*,*,#3157,.T.);
#4034 = CYLINDRICAL_SURFACE('',#4035,2.05);
#4035 = AXIS2_PLACEMENT_3D('',#4036,#4037,#4038);
#4036 = CARTESIAN_POINT('',(-12.15000000002,-26.87759556484,
    20.021899371769));
#4037 = DIRECTION('',(0.,-0.707106781187,0.707106781187));
#4038 = DIRECTION('',(1.,0.,0.));
#4039 = ( GEOMETRIC_REPRESENTATION_CONTEXT(3) 
GLOBAL_UNCERTAINTY_ASSIGNED_CONTEXT((#4043)) 
GLOBAL_UNIT_ASSIGNED_CONTEXT((#4040,#4041,#4042)) REPRESENTATION_CONTEXT
('Context #1','3D Context with UNIT and UNCERTAINTY') );
#4040 = ( LENGTH_UNIT() NAMED_UNIT(*) SI_UNIT(.MILLI.,.METRE.) );
#4041 = ( NAMED_UNIT(*) PLANE_ANGLE_UNIT() SI_UNIT($,.RADIAN.) );
#4042 = ( NAMED_UNIT(*) SI_UNIT($,.STERADIAN.) SOLID_ANGLE_UNIT() );
#4043 = UNCERTAINTY_MEASURE_WITH_UNIT(LENGTH_MEASURE(2.E-02),#4040,
  'distance_accuracy_value','confusion accuracy');
#4044 = PRODUCT_RELATED_PRODUCT_CATEGORY('part',$,(#7));
#4045 = MECHANICAL_DESIGN_GEOMETRIC_PRESENTATION_REPRESENTATION('',(
    #4046),#4039);
#4046 = STYLED_ITEM('color',(#4047),#15);
#4047 = PRESENTATION_STYLE_ASSIGNMENT((#4048,#4054));
#4048 = SURFACE_STYLE_USAGE(.BOTH.,#4049);
#4049 = SURFACE_SIDE_STYLE('',(#4050));
#4050 = SURFACE_STYLE_FILL_AREA(#4051);
#4051 = FILL_AREA_STYLE('',(#4052));
#4052 = FILL_AREA_STYLE_COLOUR('',#4053);
#4053 = COLOUR_RGB('',0.678431390124,0.709803936702,0.741176476869);
#4054 = CURVE_STYLE('',#4055,POSITIVE_LENGTH_MEASURE(0.1),#4056);
#4055 = DRAUGHTING_PRE_DEFINED_CURVE_FONT('continuous');
#4056 = COLOUR_RGB('',9.803921802644E-02,9.803921802644E-02,
  9.803921802644E-02);
ENDSEC;
END-ISO-10303-21;
